movie_name,release_year,certificate,duration,genre,star,metascore,votes
Zack Snyder's Justice League,2021,R,242 min,"Action, Adventure, Fantasy",8.1,54        ,"305,981"
Aspirants,2021– ,not rated,45 min,Drama,9.0,nil,"271,712"
WandaVision,2021,TV-PG,350 min,"Action, Comedy, Drama",8.1,nil,"185,274"
Radhe,2021,TV-MA,135 min,"Action, Crime, Thriller",1.8,nil,"163,375"
Godzilla vs. Kong,2021,PG-13,113 min,"Action, Sci-Fi, Thriller",6.4,59        ,"145,364"
Army of the Dead,2021,R,148 min,"Action, Crime, Horror",5.8,57        ,"121,239"
The Falcon and the Winter Soldier,2021,TV-14,50 min,"Action, Adventure, Drama",7.4,nil,"117,728"
Mortal Kombat,2021,R,110 min,"Action, Adventure, Fantasy",6.2,44        ,"116,956"
Nobody,I 2021,R,92 min,"Action, Crime, Drama",7.4,64        ,"109,042"
Raya and the Last Dragon,2021,PG,107 min,"Animation, Action, Adventure",7.4,75        ,"85,055"
Cruella,2021,PG-13,134 min,"Comedy, Crime",7.4,59        ,"76,111"
Lupin,2021– ,TV-MA,45 min,"Action, Crime, Drama",7.5,nil,"74,292"
Invincible,2021– ,TV-MA,364 min,"Animation, Action, Adventure",8.8,nil,"68,636"
Wrath of Man,2021,R,119 min,"Action, Crime, Thriller",7.2,57        ,"64,015"
The Little Things,2021,R,128 min,"Crime, Drama, Thriller",6.3,54        ,"63,627"
The Mitchells vs the Machines,2021,PG,113 min,"Animation, Adventure, Comedy",7.7,80        ,"61,770"
Mare of Easttown,2021,TV-MA,410 min,"Crime, Drama, Mystery",8.5,nil,"61,614"
Master,2021,Not Rated,179 min,"Action, Thriller",7.9,nil,"60,129"
Coming 2 America,2021,PG-13,110 min,Comedy,5.3,52        ,"58,363"
The Dig,2021,PG-13,112 min,"Biography, Drama, History",7.1,73        ,"57,945"
Tandav,2021– ,TV-14,30 min,"Drama, Thriller",3.7,nil,"55,369"
Shadow and Bone,2021– ,TV-14,nil,"Action, Adventure, Drama",7.8,nil,"55,154"
 Attack on Titan,2013–2021,TV-MA,24 min,"Animation, Action, Adventure",9.9,nil,"54,291"
The Conjuring: The Devil Made Me Do It,2021,R,112 min,"Horror, Mystery, Thriller",6.4,53        ,"53,735"
Judas and the Black Messiah,2021,R,126 min,"Biography, Drama, History",7.5,85        ,"51,636"
The Woman in the Window,2021,R,100 min,"Crime, Drama, Mystery",5.7,41        ,"51,549"
The White Tiger,2021,R,125 min,"Crime, Drama",7.1,76        ,"50,390"
Loki,2021– ,TV-14,nil,"Action, Adventure, Fantasy",9.0,nil,"47,020"
Friends: The Reunion,2021 TV Special,TV-14,104 min,"Comedy, Romance",8.1,nil,"45,471"
Behind Her Eyes,2021,TV-MA,298 min,"Drama, Mystery, Thriller",7.2,nil,"45,279"
Tom Clancy's Without Remorse,2021,R,109 min,"Action, Thriller, War",5.8,41        ,"42,173"
 Attack on Titan,2013–2021,TV-MA,24 min,"Animation, Action, Adventure",9.9,nil,"39,815"
 Attack on Titan,2013–2021,TV-MA,24 min,"Animation, Action, Adventure",9.9,nil,"38,135"
Outside the Wire,2021,R,114 min,"Action, Adventure, Fantasy",5.4,45        ,"36,334"
Stowaway,2021,TV-MA,116 min,"Drama, Sci-Fi, Thriller",5.6,63        ,"34,835"
Luca,2021,PG,95 min,"Animation, Adventure, Comedy",7.6,71        ,"34,282"
Thunder Force,2021,PG-13,106 min,"Action, Adventure, Comedy",4.4,34        ,"34,282"
Those Who Wish Me Dead,2021,R,100 min,"Action, Drama, Thriller",6.0,59        ,"33,777"
Ginny & Georgia,2021– ,TV-14,nil,"Comedy, Drama",7.5,nil,"33,532"
Boss Level,2021,TV-MA,94 min,"Action, Mystery, Sci-Fi",6.9,56        ,"32,295"
The Serpent,2021,TV-MA,458 min,"Crime, Drama, Thriller",7.7,nil,"31,165"
Jupiter's Legacy,2021,TV-MA,56 min,"Action, Adventure, Drama",6.8,nil,"29,648"
Fate: The Winx Saga,2021– ,TV-MA,nil,"Action, Adventure, Drama",6.9,nil,"29,569"
Malcolm & Marie,2021,R,106 min,"Drama, Romance",6.7,53        ,"29,222"
The Mauritanian,2021,R,129 min,"Drama, Thriller",7.4,53        ,"28,443"
Drishyam 2,2021,not rated,152 min,"Crime, Drama, Thriller",8.7,nil,"27,518"
Palmer,2021,R,110 min,Drama,7.3,53        ,"25,750"
Tom and Jerry,2021,PG,101 min,"Animation, Comedy, Family",5.3,32        ,"24,879"
Sweet Tooth,2021– ,TV-14,nil,"Action, Adventure, Drama",8.0,nil,"24,799"
Oxygen,2021,TV-14,100 min,"Drama, Fantasy, Sci-Fi",6.5,67        ,"24,734"
Chaos Walking,2021,PG-13,109 min,"Action, Adventure, Fantasy",5.7,38        ,"24,171"
Spiral,2021,R,93 min,"Crime, Horror, Mystery",5.3,40        ,"23,933"
Seaspiracy,2021,TV-MA,89 min,"Documentary, Adventure",8.2,nil,"23,911"
 Attack on Titan,2013–2021,TV-MA,24 min,"Animation, Action, Adventure",9.6,nil,"23,727"
Racket Boys,2021– ,not rated,80 min,"Comedy, Drama, Sport",1.0,nil,"23,208"
Cherry,2021,R,142 min,"Crime, Drama",6.6,44        ,"22,986"
Inside,2021 TV Special,TV-MA,87 min,"Comedy, Drama, Music",8.8,nil,"22,226"
Things Heard & Seen,2021,TV-MA,121 min,"Drama, Horror, Mystery",5.3,49        ,"22,193"
Resident Alien,2021– ,TV-14,44 min,"Comedy, Drama, Mystery",8.2,nil,"21,634"
It's a Sin,2021,TV-MA,239 min,"Comedy, Drama, History",8.7,nil,"21,628"
Redemption Day,2021,R,99 min,"Action, Drama, Thriller",6.5,22        ,"21,398"
 WandaVision,2021,TV-PG,30 min,"Action, Comedy, Drama",7.5,nil,"21,387"
Anne Boleyn,2021– ,not rated,nil,Drama,6.9,nil,"21,042"
 WandaVision,2021,TV-PG,35 min,"Action, Comedy, Drama",8.9,nil,"20,326"
 WandaVision,2021,TV-PG,37 min,"Action, Comedy, Drama",7.8,nil,"20,236"
 WandaVision,2021,TV-14,42 min,"Action, Comedy, Drama",9.1,nil,"19,970"
In the Heights,2021,PG-13,143 min,"Drama, Music, Musical",7.6,84        ,"19,967"
Seungriho,2021,TV-MA,136 min,"Action, Adventure, Drama",6.6,64        ,"19,695"
Moxie,2021,PG-13,111 min,"Comedy, Drama, Music",6.7,54        ,"19,535"
Night Stalker: The Hunt for a Serial Killer,2021,TV-MA,189 min,"Documentary, Crime, Mystery",7.5,nil,"19,327"
Bad Trip,2021,R,86 min,Comedy,6.6,61        ,"18,998"
 WandaVision,2021,TV-PG,33 min,"Action, Comedy, Drama",8.2,nil,"18,652"
To All the Boys: Always and Forever,2021,TV-14,109 min,"Comedy, Drama, Romance",6.3,65        ,"18,051"
Yes Day,2021,PG,86 min,"Comedy, Family",5.7,46        ,"18,048"
 WandaVision,2021,TV-PG,47 min,"Action, Comedy, Drama",9.0,nil,"17,872"
 Loki,2021– ,TV-14,51 min,"Action, Adventure, Fantasy",8.8,nil,"17,772"
 WandaVision,2021,TV-PG,50 min,"Action, Comedy, Drama",8.4,nil,"17,755"
The Innocent,2021,TV-MA,467 min,"Crime, Drama, Mystery",7.9,nil,"17,488"
Wrong Turn,2021,R,109 min,"Horror, Thriller",5.5,46        ,"17,373"
 WandaVision,2021,TV-PG,38 min,"Action, Comedy, Drama",8.9,nil,"17,358"
F9: The Fast Saga,2021,PG-13,145 min,"Action, Adventure, Crime",5.5,59        ,"17,135"
 Attack on Titan,2013–2021,TV-MA,24 min,"Animation, Action, Adventure",9.3,nil,"16,782"
 WandaVision,2021,TV-PG,38 min,"Action, Comedy, Drama",8.5,nil,"16,204"
Firefly Lane,2021– ,TV-MA,nil,"Drama, Romance",7.5,nil,"15,977"
Below Zero,2021,TV-MA,106 min,"Action, Adventure, Crime",6.2,nil,"15,505"
Karnan,2021,not rated,158 min,"Action, Drama",8.3,nil,"15,322"
 The Falcon and the Winter Soldier,2021,TV-14,47 min,"Action, Adventure, Drama",7.7,nil,"15,104"
The Marksman,2021,PG-13,108 min,"Action, Drama, Thriller",5.6,44        ,"15,062"
Superman and Lois,2021– ,TV-14,42 min,"Action, Adventure, Drama",7.9,nil,"14,965"
Willy's Wonderland,2021,TV-MA,88 min,"Action, Comedy, Horror",5.6,44        ,"14,692"
Crime Scene: The Vanishing at the Cecil Hotel,2021,TV-MA,219 min,"Documentary, Crime, Mystery",5.9,nil,"14,667"
The Map of Tiny Perfect Things,2021,PG-13,98 min,"Comedy, Fantasy, Romance",6.8,61        ,"14,428"
The Nevers,2021– ,TV-MA,58 min,"Action, Drama, Fantasy",7.4,nil,"14,194"
Infinite,2021,PG-13,106 min,"Action, Sci-Fi, Thriller",5.3,28        ,"14,095"
 Attack on Titan,2013–2021,TV-MA,24 min,"Animation, Action, Adventure",9.7,nil,"13,939"
 Loki,2021– ,TV-14,53 min,"Action, Adventure, Fantasy",9.0,nil,"13,753"
 The Falcon and the Winter Soldier,2021,TV-14,53 min,"Action, Adventure, Drama",8.8,nil,"13,649"
Bliss,I 2021,R,103 min,"Drama, Romance, Sci-Fi",5.3,40        ,"13,602"
Them,2021– ,TV-MA,45 min,"Drama, Horror, Thriller",7.3,nil,"13,355"
 The Falcon and the Winter Soldier,2021,TV-14,47 min,"Action, Adventure, Drama",7.9,nil,"13,046"
 Attack on Titan,2013–2021,TV-MA,24 min,"Animation, Action, Adventure",8.9,nil,"12,974"
 Attack on Titan,2013–2021,TV-MA,24 min,"Animation, Action, Adventure",9.8,nil,"12,908"
Awake,III 2021,TV-MA,96 min,"Action, Adventure, Drama",4.8,35        ,"12,865"
Fatherhood,2021,PG-13,109 min,"Comedy, Drama",6.7,53        ,"12,606"
The Irregulars,2021,TV-14,nil,"Crime, Drama, Fantasy",5.9,nil,"12,188"
 Attack on Titan,2013–2021,TV-MA,24 min,"Animation, Action, Adventure",9.7,nil,"12,155"
 The Falcon and the Winter Soldier,2021,TV-14,51 min,"Action, Adventure, Drama",8.0,nil,"12,057"
 Attack on Titan,2013–2021,TV-MA,24 min,"Animation, Action, Adventure",9.1,nil,"11,982"
The Big Bull,2021,not rated,153 min,"Biography, Crime, Drama",6.1,nil,"11,611"
Dota: Dragon's Blood,2021– ,TV-MA,25 min,"Animation, Action, Adventure",8.1,nil,"11,436"
 Attack on Titan,2013–2021,TV-MA,24 min,"Animation, Action, Adventure",9.2,nil,"11,413"
 The Falcon and the Winter Soldier,2021,TV-14,49 min,"Action, Adventure, Drama",7.8,nil,"11,367"
 The Falcon and the Winter Soldier,2021,TV-14,57 min,"Action, Adventure, Drama",8.0,nil,"11,226"
 Attack on Titan,2013–2021,TV-MA,24 min,"Animation, Action, Adventure",9.7,nil,"11,201"
Red Dot,2021,TV-MA,86 min,"Drama, Horror, Thriller",5.5,nil,"11,177"
The One,2021– ,TV-MA,nil,"Crime, Drama, Sci-Fi",6.6,nil,"10,462"
Deadly Illusions,2021,R,114 min,"Drama, Thriller",3.7,nil,"10,266"
Star Wars: The Bad Batch,2021– ,TV-PG,nil,"Animation, Action, Adventure",8.4,nil,"10,175"
Vakeel Saab,2021,TV-14,153 min,"Action, Crime, Drama",7.8,nil,"10,111"
The Unholy,2021,PG-13,99 min,"Drama, Horror, Mystery",5.0,36        ,"10,110"
Paper Lives,2021,TV-MA,96 min,Drama,6.7,nil,"9,845"
Who Killed Sara?,2021– ,TV-MA,nil,"Crime, Drama, Mystery",6.4,nil,"9,794"
Tribes of Europa,2021– ,TV-MA,nil,"Action, Adventure, Drama",6.8,nil,"9,644"
The United States vs. Billie Holiday,2021,R,126 min,"Biography, Drama, Music",6.3,52        ,"9,619"
Stuck Apart,2021,TV-MA,96 min,"Comedy, Drama",6.1,nil,"9,358"
 Loki,2021– ,TV-14,42 min,"Action, Adventure, Fantasy",7.9,nil,"9,324"
Harga,2021– ,not rated,nil,Drama,9.7,nil,"9,308"
Iste Bu Benim Masalim,2021,not rated,40 min,"Musical, Romance",1.5,nil,"9,222"
Halston,2021,TV-MA,240 min,"Biography, Drama",7.5,nil,"9,097"
Clarkson's Farm,2021– ,TV-PG,45 min,Documentary,9.3,nil,"9,081"
Voyagers,2021,PG-13,108 min,"Adventure, Sci-Fi, Thriller",5.4,44        ,"8,853"
The Vault,2021,R,118 min,"Action, Adventure, Thriller",6.4,50        ,"8,709"
Locked Down,I 2021,R,118 min,"Comedy, Crime, Romance",5.2,42        ,"8,387"
Barb and Star Go to Vista Del Mar,2021,PG-13,107 min,Comedy,6.4,64        ,"8,333"
Jagame Thandhiram,2021,TV-MA,158 min,"Action, Comedy, Crime",6.2,nil,"8,291"
Wish Dragon,2021,PG,98 min,"Animation, Adventure, Comedy",7.2,60        ,"8,072"
 The Walking Dead,2010–2022,TV-MA,50 min,"Drama, Horror, Thriller",9.3,nil,"7,959"
Finding 'Ohana,2021,PG,123 min,"Action, Adventure, Comedy",6.1,69        ,"7,850"
The Married Woman,2021– ,not rated,30 min,"Drama, Romance",9.4,nil,"7,538"
Mumbai Saga,2021,not rated,135 min,"Action, Crime",6.1,nil,"7,372"
The Girl on the Train,2021,TV-MA,120 min,"Crime, Drama, Mystery",4.4,nil,"7,349"
Ferry,2021,TV-MA,106 min,"Action, Crime, Drama",7.0,nil,"7,289"
The Equalizer,2021– ,TV-14,nil,"Action, Crime, Drama",4.8,nil,"7,189"
Pagglait,2021,TV-14,114 min,"Comedy, Drama",6.9,nil,"7,162"
" Love, Death & Robots",2019– ,TV-MA,18 min,"Animation, Short, Comedy",8.1,nil,"7,119"
 Invincible,2021– ,TV-MA,45 min,"Animation, Action, Adventure",9.7,nil,"7,054"
 Aspirants,2021– ,not rated,46 min,Drama,9.6,nil,"6,871"
Kaagaz,2021,not rated,109 min,"Biography, Comedy, Drama",7.5,nil,"6,823"
Time,2021– ,not rated,59 min,"Crime, Drama",8.5,nil,"6,794"
Sandeep Aur Pinky Faraar,2021,not rated,125 min,"Comedy, Crime, Drama",6.3,nil,"6,754"
Cosmic Sin,2021,R,88 min,"Action, Adventure, Sci-Fi",2.5,9        ,"6,747"
 Invincible,2021– ,TV-MA,48 min,"Animation, Action, Adventure",9.6,nil,"6,682"
Sentinelle,2021,TV-MA,80 min,"Action, Crime, Drama",4.7,nil,"6,623"
Vincenzo,2021– ,Not Rated,80 min,"Comedy, Crime, Romance",8.6,nil,"6,622"
" Love, Death & Robots",2019– ,TV-MA,12 min,"Animation, Short, Comedy",6.5,nil,"6,621"
Roohi,2021,not rated,134 min,"Comedy, Horror",4.3,nil,"6,488"
Debris,2021,TV-PG,nil,"Drama, Mystery, Sci-Fi",6.5,nil,"6,486"
Operation Varsity Blues,2021,R,99 min,"Documentary, Crime, Drama",7.0,70        ,"6,458"
Music,2021,PG-13,107 min,"Drama, Musical",3.1,23        ,"6,369"
" Love, Death & Robots",2019– ,TV-MA,18 min,"Animation, Short, Comedy",7.9,nil,"6,367"
Joji,2021,not rated,113 min,"Crime, Drama",7.9,nil,"6,347"
Bang Baang,2021– ,not rated,18 min,"Action, Thriller",6.9,nil,"6,311"
" Love, Death & Robots",2019– ,TV-MA,13 min,"Animation, Short, Comedy",6.1,nil,"6,275"
Clarice,2021– ,TV-14,60 min,"Crime, Drama, Mystery",6.4,nil,"6,234"
SAS: Red Notice,2021,R,124 min,"Action, Thriller",4.9,nil,"6,219"
Fatma,2021– ,TV-MA,40 min,"Crime, Drama, Thriller",7.5,nil,"6,211"
Sky Rojo,2021– ,TV-MA,31 min,"Action, Adventure, Crime",6.5,nil,"6,190"
Tell Me Your Secrets,I 2021– ,TV-14,nil,"Crime, Drama, Mystery",7.4,nil,"6,160"
Snabba Cash,2021– ,TV-MA,52 min,"Action, Crime, Drama",7.6,nil,"6,116"
 Invincible,2021– ,TV-MA,47 min,"Animation, Action, Adventure",9.0,nil,"6,104"
Walker,2021– ,TV-14,nil,"Action, Crime, Drama",5.9,nil,"6,090"
 The Walking Dead,2010–2022,TV-14,43 min,"Drama, Horror, Thriller",4.1,nil,"6,017"
Sunflower,2021– ,not rated,36 min,"Comedy, Crime",7.7,nil,"5,946"
Sherni,2021,not rated,131 min,Drama,7.0,nil,"5,920"
 Aspirants,2021– ,not rated,38 min,Drama,9.6,nil,"5,916"
 The New York Times Presents,2020– ,TV-MA,74 min,Documentary,6.9,nil,"5,899"
Jathi Ratnalu,2021,not rated,145 min,Comedy,7.6,nil,"5,865"
Allen v. Farrow,2021,TV-MA,256 min,"Documentary, Biography, Crime",6.4,nil,"5,854"
The Mosquito Coast,2021– ,TV-MA,nil,"Adventure, Drama, Thriller",7.0,nil,"5,835"
Billie Eilish: The World's a Little Blurry,2021,R,140 min,"Documentary, Biography, Music",7.8,70        ,"5,812"
 The Family Man,2019– ,TV-14,nil,"Action, Comedy, Drama",9.3,nil,"5,807"
The Pembrokeshire Murders,2021,TV-14,144 min,"Crime, Drama",7.1,nil,"5,702"
" Love, Death & Robots",2019– ,TV-MA,7 min,"Animation, Short, Comedy",7.4,nil,"5,693"
 Aspirants,2021– ,not rated,49 min,Drama,9.8,nil,"5,690"
Crisis,2021,R,118 min,"Drama, Thriller",6.1,40        ,"5,680"
Pretend It's a City,2021,TV-14,203 min,"Documentary, Biography, Comedy",8.1,nil,"5,671"
The Great Indian Kitchen,2021,not rated,100 min,"Comedy, Drama",8.3,nil,"5,583"
 The Walking Dead,2010–2022,TV-MA,40 min,"Drama, Horror, Thriller",5.1,nil,"5,582"
" Love, Death & Robots",2019– ,TV-MA,11 min,"Animation, Short, Comedy",7.0,nil,"5,565"
Dracula,2021– ,not rated,nil,"Comedy, Drama",8.8,nil,"5,499"
The Hitman's Wife's Bodyguard,2021,R,100 min,"Action, Comedy, Crime",6.5,32        ,"5,488"
The Sons of Sam: A Descent into Darkness,2021,TV-MA,239 min,"Documentary, Crime, History",7.0,nil,"5,433"
 Aspirants,2021– ,not rated,45 min,Drama,9.7,nil,"5,428"
" Love, Death & Robots",2019– ,TV-MA,13 min,"Animation, Short, Comedy",7.0,nil,"5,399"
 Broken But Beautiful,2018– ,not rated,nil,"Drama, Romance",9.6,nil,"5,397"
Krack,2021,Not Rated,154 min,"Action, Crime, Thriller",7.3,nil,"5,261"
" Love, Death & Robots",2019– ,TV-MA,13 min,"Animation, Short, Comedy",6.6,nil,"5,219"
November Story,2021– ,not rated,40 min,"Crime, Thriller",8.0,nil,"5,195"
 Invincible,2021– ,TV-MA,46 min,"Animation, Action, Adventure",9.3,nil,"5,189"
The Last Hour,2021– ,not rated,36 min,"Crime, Drama, Mystery",7.5,nil,"5,187"
Made for Love,2021– ,TV-MA,30 min,"Comedy, Drama, Sci-Fi",6.9,nil,"5,118"
The Ice Road,2021,PG-13,109 min,"Adventure, Drama, Thriller",5.5,43        ,"5,068"
Hacks,2021– ,TV-MA,30 min,"Comedy, Drama",8.3,nil,"5,034"
The Priest,I 2021,not rated,140 min,"Horror, Mystery, Thriller",6.6,nil,"5,032"
Young Rock,2021– ,TV-PG,nil,Comedy,7.1,nil,"5,015"
Maharani,2021– ,not rated,43 min,Drama,7.5,nil,"4,931"
 Broken But Beautiful,2018– ,not rated,nil,"Drama, Romance",9.5,nil,"4,846"
 Invincible,2021– ,TV-MA,44 min,"Animation, Action, Adventure",8.6,nil,"4,807"
 The Walking Dead,2010–2022,TV-MA,44 min,"Drama, Horror, Thriller",6.2,nil,"4,793"
Flora & Ulysses,2021,PG,95 min,"Adventure, Comedy, Family",6.3,62        ,"4,781"
 Jujutsu Kaisen,2020– ,TV-MA,24 min,"Animation, Action, Adventure",9.7,nil,"4,774"
 The Walking Dead,2010–2022,TV-MA,42 min,"Drama, Horror, Thriller",7.3,nil,"4,745"
 Broken But Beautiful,2018– ,not rated,nil,"Drama, Romance",9.6,nil,"4,732"
 Broken But Beautiful,2018– ,not rated,nil,"Drama, Romance",9.8,nil,"4,716"
 Broken But Beautiful,2018– ,not rated,nil,"Drama, Romance",9.8,nil,"4,682"
 Broken But Beautiful,2018– ,not rated,nil,"Drama, Romance",9.6,nil,"4,668"
Murder Among the Mormons,2021,TV-14,160 min,"Documentary, Crime, History",7.0,nil,"4,644"
 Broken But Beautiful,2018– ,not rated,nil,"Drama, Romance",9.5,nil,"4,630"
 Broken But Beautiful,2018– ,not rated,nil,"Drama, Romance",9.7,nil,"4,626"
 Broken But Beautiful,2018– ,not rated,nil,"Drama, Romance",9.6,nil,"4,616"
 Broken But Beautiful,2018– ,not rated,nil,"Drama, Romance",9.6,nil,"4,616"
The Legend of Hanuman,2021– ,not rated,25 min,Animation,9.4,nil,"4,606"
 The Walking Dead,2010–2022,TV-MA,48 min,"Drama, Horror, Thriller",7.5,nil,"4,571"
 Invincible,2021– ,TV-MA,42 min,"Animation, Action, Adventure",8.3,nil,"4,516"
50M2,2021– ,TV-MA,45 min,"Comedy, Drama, Thriller",7.0,nil,"4,495"
Invisible City,2021– ,TV-G,60 min,"Crime, Drama, Fantasy",7.4,nil,"4,481"
Crazy About Her,2021,TV-MA,102 min,"Comedy, Romance",6.6,nil,"4,447"
 Cobra Kai,2018– ,TV-14,41 min,"Action, Comedy, Drama",9.5,nil,"4,444"
 Mare of Easttown,2021,TV-MA,57 min,"Crime, Drama, Mystery",9.4,nil,"4,435"
 Invincible,2021– ,TV-MA,45 min,"Animation, Action, Adventure",7.7,nil,"4,423"
Mandela,2021,not rated,140 min,"Comedy, Drama",8.5,nil,"4,419"
 Rick and Morty,2013– ,TV-14,nil,"Animation, Adventure, Comedy",9.1,nil,"4,417"
Virkar,2021– ,not rated,28 min,"Crime, Thriller",9.0,nil,"4,383"
Cruel Summer,2021– ,TV-14,45 min,"Drama, Mystery, Thriller",7.5,nil,"4,380"
The Crew,II 2021– ,TV-14,nil,Comedy,6.6,nil,"4,316"
Panic,2021– ,TV-14,nil,"Adventure, Crime, Drama",6.4,nil,"4,311"
 Invincible,2021– ,TV-MA,45 min,"Animation, Action, Adventure",8.0,nil,"4,305"
 Star Wars: The Bad Batch,2021– ,TV-PG,70 min,"Animation, Action, Adventure",9.0,nil,"4,281"
Nayattu,2021,not rated,124 min,Thriller,8.2,nil,"4,242"
Ajeeb Daastaans,2021,TV-MA,142 min,"Drama, Romance",6.7,nil,"4,240"
 One Piece,1999– ,TV-14,24 min,"Animation, Action, Adventure",9.4,nil,"4,206"
Land,2021,PG-13,89 min,Drama,6.6,61        ,"4,204"
Biggie: I Got a Story to Tell,2021,R,97 min,"Documentary, Biography, Music",6.9,62        ,"4,198"
Call Me Kat,2021– ,TV-PG,21 min,Comedy,5.0,nil,"4,149"
Katla,2021– ,TV-MA,nil,"Drama, Mystery, Sci-Fi",7.2,nil,"4,104"
 Aspirants,2021– ,not rated,38 min,Drama,9.4,nil,"4,084"
 The Family Man,2019– ,TV-14,nil,"Action, Comedy, Drama",9.4,nil,"4,050"
History of Swear Words,2021– ,TV-MA,124 min,"Documentary, Comedy",6.4,nil,"4,013"
Have You Ever Seen Fireflies?,2021,TV-14,113 min,"Comedy, Drama",6.2,nil,"3,999"
 The Family Man,2019– ,TV-14,nil,"Action, Comedy, Drama",9.2,nil,"3,992"
Girl in the Basement,2021,TV-14,88 min,"Crime, Thriller",6.4,nil,"3,980"
Blue Miracle,2021,TV-PG,95 min,"Adventure, Biography, Drama",6.7,48        ,"3,964"
Justice Society: World War II,2021,PG-13,84 min,"Animation, Action, Adventure",6.4,nil,"3,893"
Sardar Ka Grandson,2021,TV-14,139 min,"Comedy, Drama, Romance",4.1,nil,"3,862"
His Story,2021– ,not rated,nil,Drama,9.7,nil,"3,854"
Nail Polish,2021,not rated,128 min,Drama,7.4,nil,"3,798"
 The Family Man,2019– ,TV-14,nil,"Action, Comedy, Drama",9.6,nil,"3,782"
Sexify,2021– ,TV-MA,40 min,"Comedy, Drama",6.6,nil,"3,775"
The Underground Railroad,2021– ,TV-MA,593 min,"Drama, History, War",7.3,nil,"3,773"
Top Class: The Life and Times of the Sierra Canyon Trailblazers,2021– ,Not Rated,30 min,"Documentary, Sport",9.7,nil,"3,752"
I Am All Girls,2021,TV-MA,107 min,"Crime, Drama, Mystery",5.8,nil,"3,728"
 The Family Man,2019– ,TV-14,nil,"Action, Comedy, Drama",9.3,nil,"3,704"
Chad,2021– ,TV-MA,30 min,Comedy,2.7,nil,"3,682"
 The Family Man,2019– ,TV-14,nil,"Action, Comedy, Drama",9.5,nil,"3,605"
Fear of Rain,2021,PG-13,109 min,"Drama, Horror, Thriller",5.9,nil,"3,579
| Gross"
Pogaru,2021,not rated,160 min,Action,5.7,nil,"3,574"
The Virtuoso,2021,R,110 min,"Action, Crime, Thriller",4.9,24        ,"3,574"
Sultan,2021,TV-MA,145 min,"Action, Drama",6.4,nil,"3,549"
 The Family Man,2019– ,TV-14,nil,"Action, Comedy, Drama",9.3,nil,"3,546"
 Mare of Easttown,2021,TV-MA,58 min,"Crime, Drama, Mystery",8.1,nil,"3,539"
Batman: Soul of the Dragon,2021,R,83 min,"Animation, Action, Adventure",6.1,nil,"3,537"
 One Piece,1999– ,TV-14,24 min,"Animation, Action, Adventure",9.7,nil,"3,524"
Siyavash,2021– ,TV-14,50 min,Drama,6.2,nil,"3,515"
 Lucifer,2016– ,TV-14,60 min,"Crime, Drama, Fantasy",7.6,nil,"3,489"
Naandhi,2021,not rated,146 min,"Crime, Drama, Thriller",8.4,nil,"3,482"
Bombay Begums,2021– ,TV-MA,50 min,Drama,4.9,nil,"3,482"
 The Family Man,2019– ,TV-14,nil,"Action, Comedy, Drama",9.3,nil,"3,480"
Tiger,2021,TV-MA,192 min,"Documentary, Biography, Sport",7.8,nil,"3,478"
Yasuke,2021– ,TV-MA,30 min,"Animation, Action, Adventure",6.3,nil,"3,464"
Us Again,2021,G,7 min,"Animation, Short, Drama",8.0,nil,"3,461"
 The Family Man,2019– ,TV-14,nil,"Action, Comedy, Drama",9.3,nil,"3,455"
Silence: Can You Hear It,2021,not rated,136 min,"Crime, Thriller",6.6,nil,"3,419"
The Mighty Ducks: Game Changers,2021– ,TV-PG,nil,"Comedy, Drama, Sport",7.5,nil,"3,413"
Saina,2021,not rated,135 min,"Biography, Drama, Sport",4.2,nil,"3,410"
Yuvarathnaa,2021,not rated,161 min,"Action, Drama",6.6,nil,"3,400"
Maara,2021,not rated,149 min,"Adventure, Drama, Mystery",7.7,nil,"3,355"
A Week Away,2021,TV-PG,94 min,"Drama, Family, Musical",5.7,32        ,"3,354"
Pelé,2021,TV-14,108 min,"Documentary, Biography, Sport",7.0,61        ,"3,347"
Pacific Rim: The Black,2021– ,TV-14,24 min,"Animation, Action, Adventure",7.1,nil,"3,322"
The Minimalists: Less Is Now,2021,TV-14,53 min,Documentary,5.9,nil,"3,302"
 Jujutsu Kaisen,2020– ,TV-MA,24 min,"Animation, Action, Adventure",9.6,nil,"3,268"
 Mare of Easttown,2021,TV-MA,58 min,"Crime, Drama, Mystery",8.7,nil,"3,257"
Horimiya,I 2021– ,TV-14,24 min,"Animation, Comedy, Drama",8.3,nil,"3,223"
Mushoku Tensei: Jobless Reincarnation,2021– ,TV-14,24 min,"Animation, Adventure, Fantasy",8.4,nil,"3,207"
Hello Charlie,2021,not rated,102 min,Comedy,5.6,nil,"3,179"
Why Did You Kill Me?,2021,TV-MA,83 min,"Documentary, Crime",5.6,nil,"3,175"
 Superman and Lois,2021– ,TV-PG,64 min,"Action, Adventure, Drama",8.7,nil,"3,157"
This Is a Robbery: The World's Greatest Art Heist,2021,TV-MA,210 min,"Documentary, Crime, History",6.5,nil,"3,150"
Save Ralph,2021,not rated,4 min,"Animation, Short",8.6,nil,"3,150"
Bloodlands,2021,not rated,222 min,"Crime, Drama, Thriller",6.5,nil,"3,146"
Calls,2021– ,TV-MA,12 min,"Drama, Horror, Mystery",7.8,nil,"3,143"
 Cobra Kai,2018– ,TV-14,39 min,"Action, Comedy, Drama",9.2,nil,"3,135"
Uppena,2021,TV-14,147 min,"Action, Drama, Romance",6.8,nil,"3,125"
Crashh,2021– ,not rated,23 min,Romance,9.0,nil,"3,121"
The Box,V 2021,not rated,94 min,"Drama, Music, Musical",8.8,nil,"3,118"
 Mare of Easttown,2021,TV-MA,64 min,"Crime, Drama, Mystery",9.1,nil,"3,105"
Chakra,2021,Not Rated,131 min,"Action, Crime, Thriller",7.0,nil,"3,085"
Silk Road,2021,R,112 min,"Crime, Drama, Thriller",5.9,41        ,"3,074"
In the Earth,2021,R,107 min,"Horror, Sci-Fi, Thriller",5.2,63        ,"3,074"
Age of Samurai: Battle for Japan,2021– ,TV-MA,nil,"Documentary, Action, Adventure",7.4,nil,"3,064"
 Lupin,2021– ,TV-MA,47 min,"Action, Crime, Drama",7.9,nil,"3,060"
 Star Wars: The Bad Batch,2021– ,TV-PG,31 min,"Animation, Action, Adventure",7.5,nil,"3,022"
Baggio: The Divine Ponytail,2021,TV-MA,91 min,"Biography, Drama, Sport",6.1,nil,"3,016"
Runaway Lugaai,2021– ,not rated,25 min,"Comedy, Drama",7.8,nil,"2,965"
Tina,2021,TV-MA,118 min,"Documentary, Biography, History",8.1,81        ,"2,951"
 Lucifer,2016– ,TV-14,53 min,"Crime, Drama, Fantasy",9.4,nil,"2,928"
Konusanlar,2021– ,not rated,50 min,"Comedy, Talk-Show",6.8,nil,"2,925"
Major Grom: Plague Doctor,2021,not rated,136 min,"Action, Adventure",6.5,nil,"2,919"
Bhoomi,II 2021,TV-PG,128 min,"Action, Drama",5.0,nil,"2,914"
Marvel Studios: Legends,2021– ,TV-14,7 min,"Action, Fantasy, Sci-Fi",6.5,nil,"2,895"
Good on Paper,2021,R,92 min,"Comedy, Romance",5.6,54        ,"2,890"
Q: Into the Storm,2021,TV-MA,353 min,Documentary,7.6,nil,"2,808"
 Black Clover,2017–2021,TV-PG,24 min,"Animation, Action, Adventure",9.7,nil,"2,802"
 Cobra Kai,2018– ,TV-14,32 min,"Action, Comedy, Drama",8.2,nil,"2,791"
Tunna blå linjen,2021– ,Not Rated,60 min,"Crime, Drama",8.2,nil,"2,788"
First Signal,2021,not rated,102 min,"Drama, History, Sci-Fi",7.0,nil,"2,786"
 Black Clover,2017–2021,TV-PG,24 min,"Animation, Action, Adventure",9.7,nil,"2,783"
 Mare of Easttown,2021,TV-MA,60 min,"Crime, Drama, Mystery",8.3,nil,"2,776"
Law & Order: Organized Crime,2021– ,TV-14,nil,"Crime, Drama, Mystery",7.6,nil,"2,775"
 Mare of Easttown,2021,TV-MA,56 min,"Crime, Drama, Mystery",8.4,nil,"2,741"
 Shadow and Bone,2021– ,TV-14,52 min,"Action, Adventure, Drama",7.8,nil,"2,720"
Ray,2021– ,TV-14,65 min,"Crime, Drama, Thriller",7.9,nil,"2,720"
Mr. Mayor,2021– ,TV-PG,22 min,Comedy,6.3,nil,"2,713"
Roberrt,2021,not rated,166 min,"Action, Comedy, Musical",6.7,nil,"2,687"
"Crack: Cocaine, Corruption & Conspiracy",2021,TV-MA,89 min,"Documentary, Crime, History",6.7,nil,"2,685"
 The Expanse,2015– ,TV-14,56 min,"Drama, Mystery, Sci-Fi",8.7,nil,"2,679"
 Cobra Kai,2018– ,TV-14,30 min,"Action, Comedy, Drama",8.9,nil,"2,678"
 Mare of Easttown,2021,TV-MA,57 min,"Crime, Drama, Mystery",8.8,nil,"2,665"
 Star Trek: Discovery,2017– ,TV-14,62 min,"Action, Adventure, Drama",6.3,nil,"2,664"
Kala,2021,not rated,130 min,Thriller,6.9,nil,"2,654"
Breaking News in Yuba County,2021,R,96 min,"Comedy, Crime, Drama",5.7,24        ,"2,634"
 Cobra Kai,2018– ,TV-14,36 min,"Action, Comedy, Drama",8.6,nil,"2,616"
Xtreme,2021,TV-MA,111 min,"Action, Crime, Drama",5.7,nil,"2,602"
 Cobra Kai,2018– ,TV-14,38 min,"Action, Comedy, Drama",8.3,nil,"2,602"
Marvel's M.O.D.O.K.,2021– ,TV-MA,22 min,"Animation, Action, Comedy",6.3,nil,"2,563"
Vanquish,2021,R,94 min,"Action, Crime, Thriller",2.7,22        ,"2,557"
Together Together,2021,R,90 min,Comedy,6.5,72        ,"2,554"
Operation Java,2021,not rated,146 min,"Crime, Drama, Thriller",8.3,nil,"2,551"
Great White,2021,not rated,91 min,"Horror, Thriller",3.9,nil,"2,545"
Son,2021,Not Rated,98 min,"Horror, Thriller",5.5,52        ,"2,535"
The Devil Below,2021,not rated,88 min,"Horror, Thriller",4.2,nil,"2,524"
Tribhanga,2021,TV-MA,95 min,"Drama, Family",6.1,nil,"2,523"
Madame Claude,2021,TV-MA,112 min,"Biography, Crime, Drama",5.4,nil,"2,523"
 Lucifer,2016– ,TV-14,63 min,"Crime, Drama, Fantasy",9.5,nil,"2,522"
 One Piece,1999– ,TV-14,24 min,"Animation, Action, Adventure",9.6,nil,"2,493"
The Misfits,2021,R,94 min,"Action, Adventure, Thriller",4.1,25        ,"2,492"
Secret Magic Control Agency,2021,TV-Y7,103 min,"Animation, Adventure, Comedy",6.2,nil,"2,481"
 Cobra Kai,2018– ,TV-14,32 min,"Action, Comedy, Drama",8.0,nil,"2,476"
 Lupin,2021– ,TV-MA,52 min,"Action, Crime, Drama",7.8,nil,"2,468"
Irul,2021,not rated,91 min,"Mystery, Thriller",5.8,nil,"2,463"
Generation,2021– ,TV-MA,nil,"Comedy, Drama",6.5,nil,"2,462"
 One Piece,1999– ,TV-14,24 min,"Animation, Action, Adventure",9.4,nil,"2,457"
Country Comfort,2021– ,TV-PG,nil,"Comedy, Drama, Family",6.9,nil,"2,447"
 Star Wars: The Bad Batch,2021– ,TV-PG,28 min,"Animation, Action, Adventure",7.9,nil,"2,438"
Squared Love,2021,TV-14,102 min,"Comedy, Romance",5.0,nil,"2,410"
 Lucifer,2016– ,TV-14,58 min,"Crime, Drama, Fantasy",8.4,nil,"2,402"
The Djinn,2021,R,82 min,"Horror, Thriller",4.7,61        ,"2,399"
 Cobra Kai,2018– ,TV-14,34 min,"Action, Comedy, Drama",8.5,nil,"2,397"
Big Shot,2021– ,TV-PG,nil,"Comedy, Drama, Sport",7.5,nil,"2,395"
 Cobra Kai,2018– ,TV-14,28 min,"Action, Comedy, Drama",8.5,nil,"2,390"
Rurouni Kenshin: Final Chapter Part I - The Final,2021,not rated,138 min,"Action, Adventure, Drama",7.3,nil,"2,371"
Love Scandals & Doctors,2021– ,not rated,20 min,Thriller,8.9,nil,"2,363"
The Year Earth Changed,2021,TV-PG,48 min,Documentary,8.3,nil,"2,360"
 Doctor Who,2005– ,TV-PG,71 min,"Adventure, Drama, Family",5.9,nil,"2,348"
 Dracula,2021– ,not rated,nil,"Comedy, Drama",9.5,nil,"2,345"
 Lucifer,2016– ,TV-14,55 min,"Crime, Drama, Fantasy",8.5,nil,"2,328"
Teddy,II 2021,TV-PG,136 min,"Animation, Action, Adventure",6.6,nil,"2,328"
 Cobra Kai,2018– ,TV-14,29 min,"Action, Comedy, Drama",8.3,nil,"2,319"
 Shadow and Bone,2021– ,TV-14,52 min,"Action, Adventure, Drama",7.8,nil,"2,313"
 Euphoria,2019– ,TV-MA,49 min,Drama,8.8,nil,"2,290"
 The Handmaid's Tale,2017– ,TV-MA,62 min,"Drama, Sci-Fi, Thriller",8.7,nil,"2,286"
Vitthal Teedi,2021– ,not rated,185 min,Drama,9.5,nil,"2,285"
Happily,2021,R,96 min,"Comedy, Crime, Romance",5.3,58        ,"2,281"
 Shadow and Bone,2021– ,TV-14,58 min,"Action, Adventure, Drama",8.7,nil,"2,269"
 Dracula,2021– ,not rated,nil,"Comedy, Drama",9.6,nil,"2,255"
 Lupin,2021– ,TV-MA,42 min,"Action, Crime, Drama",7.6,nil,"2,247"
 The Expanse,2015– ,TV-14,54 min,"Drama, Mystery, Sci-Fi",7.6,nil,"2,235"
Kaadan,2021,not rated,170 min,"Action, Drama, Fantasy",9.1,nil,"2,233"
Resident Evil Village,2021 Video Game,M,nil,"Action, Adventure, Fantasy",8.9,nil,"2,211"
Bling Empire,2021– ,TV-MA,38 min,Reality-TV,5.8,nil,"2,208"
22 vs. Earth,2021,not rated,9 min,"Animation, Short, Adventure",6.5,nil,"2,195"
 Lupin,2021– ,TV-MA,43 min,"Action, Crime, Drama",7.7,nil,"2,176"
Rebel,2021,TV-14,nil,"Crime, Drama",7.0,nil,"2,174"
 Lupin,2021– ,TV-MA,47 min,"Action, Crime, Drama",7.6,nil,"2,168"
 The Frog,2020–2021,Not Rated,44 min,"Crime, Drama, Mystery",8.5,nil,"2,153"
 Dracula,2021– ,not rated,nil,"Comedy, Drama",9.6,nil,"2,148"
 The Expanse,2015– ,TV-14,48 min,"Drama, Mystery, Sci-Fi",8.0,nil,"2,148"
 Dracula,2021– ,not rated,nil,"Comedy, Drama",9.7,nil,"2,143"
 Shadow and Bone,2021– ,TV-14,48 min,"Action, Adventure, Drama",7.9,nil,"2,140"
 Dracula,2021– ,not rated,nil,"Comedy, Drama",9.8,nil,"2,140"
Sir Alex Ferguson: Never Give In,2021,PG-13,130 min,Documentary,8.4,68        ,"2,134"
The Way of the Househusband,2021– ,TV-14,16 min,"Animation, Action, Comedy",7.3,nil,"2,132"
 The Frog,2020–2021,Not Rated,46 min,"Crime, Drama, Mystery",8.5,nil,"2,125"
One,II 2021,not rated,151 min,"Drama, Thriller",6.6,nil,"2,122"
 Jujutsu Kaisen,2020– ,TV-MA,24 min,"Animation, Action, Adventure",9.6,nil,"2,115"
Oslo,2021 TV Movie,TV-MA,118 min,"Drama, History, Thriller",6.6,54        ,"2,112"
 Dracula,2021– ,not rated,nil,"Comedy, Drama",9.8,nil,"2,111"
 Line of Duty,2012– ,TV-14,57 min,"Crime, Drama, Mystery",5.4,nil,"2,099"
Sijipeuseu: The Myth,2021– ,Not Rated,70 min,"Action, Drama, Fantasy",7.1,nil,"2,099"
 Star Wars: The Bad Batch,2021– ,TV-PG,26 min,"Animation, Action, Adventure",7.6,nil,"2,097"
We Children from Bahnhof Zoo,2021,Not Rated,nil,Drama,6.3,nil,"2,097"
 Young Rock,2021– ,TV-PG,nil,Comedy,9.0,nil,"2,096"
Recalled,2021,not rated,99 min,"Drama, Mystery, Thriller",6.9,nil,"2,095"
Eeswaran,2021,Not Rated,130 min,"Action, Drama",4.7,nil,"2,086"
To Your Eternity,2021– ,not rated,25 min,"Animation, Adventure, Drama",9.1,nil,"2,083"
Censor,2021,not rated,84 min,Horror,5.8,67        ,"2,070"
 Shadow and Bone,2021– ,TV-14,45 min,"Action, Adventure, Drama",8.6,nil,"2,065"
Skater Girl,2021,PG,107 min,"Drama, Family, Sport",6.7,nil,"2,059"
 Superman and Lois,2021– ,TV-PG,44 min,"Action, Adventure, Drama",8.4,nil,"2,054"
Kung Fu,2021– ,TV-14,nil,"Action, Adventure, Drama",5.0,nil,"2,053"
Alma Matters - Inside the IIT Dream,2021,not rated,150 min,Documentary,8.6,nil,"2,053"
 Boruto: Naruto Next Generations,2017– ,TV-14,24 min,"Animation, Action, Adventure",9.7,nil,"2,048"
Move to Heaven,2021– ,TV-MA,60 min,Drama,8.7,nil,"2,048"
 Boruto: Naruto Next Generations,2017– ,TV-14,24 min,"Animation, Action, Adventure",9.7,nil,"2,047"
 Shadow and Bone,2021– ,TV-14,51 min,"Action, Adventure, Drama",8.1,nil,"2,043"
Solos,2021– ,TV-14,185 min,"Drama, Fantasy, Sci-Fi",5.6,nil,"2,028"
 South Park,1997– ,TV-MA,46 min,"Animation, Comedy",7.5,nil,"2,016"
 The Promised Neverland,2019–2021,TV-14,23 min,"Animation, Adventure, Drama",2.6,nil,"2,015"
The Lost Pirate Kingdom,2021– ,TV-MA,nil,"Documentary, Adventure, Drama",6.6,nil,"2,011"
Peter Rabbit 2: The Runaway,2021,PG,93 min,"Animation, Adventure, Comedy",6.2,43        ,"2,009"
Nezha Reborn,2021,not rated,118 min,"Animation, Action, Fantasy",6.9,nil,"2,007"
 The Frog,2020–2021,Not Rated,50 min,"Crime, Drama, Mystery",7.9,nil,"2,005"
 Castlevania,2017–2021,TV-MA,31 min,"Animation, Action, Adventure",9.8,nil,"1,997"
Word of Honor,2021– ,TV-14,45 min,"Action, Drama, Fantasy",9.2,nil,"1,997"
 The Frog,2020–2021,Not Rated,44 min,"Crime, Drama, Mystery",8.3,nil,"1,995"
"Batman: The Long Halloween, Part One",2021 Video,PG-13,85 min,"Animation, Action, Crime",7.6,nil,"1,994"
The Power,II 2021,not rated,92 min,Horror,5.6,60        ,"1,993"
Infinitum: Subject Unknown,2021,not rated,86 min,Sci-Fi,5.5,nil,"1,992"
 The Expanse,2015– ,TV-14,52 min,"Drama, Mystery, Sci-Fi",7.8,nil,"1,980"
" Re: Zero, Starting Life in Another World",2016– ,TV-14,30 min,"Animation, Adventure, Drama",9.8,nil,"1,975"
 One Piece,1999– ,TV-14,nil,"Animation, Action, Adventure",9.6,nil,"1,964"
Kid 90,2021,TV-MA,71 min,"Documentary, Biography, History",6.9,67        ,"1,957"
 The Frog,2020–2021,Not Rated,46 min,"Crime, Drama, Mystery",7.7,nil,"1,949"
 The Frog,2020–2021,Not Rated,47 min,"Crime, Drama, Mystery",7.8,nil,"1,946"
The Great Escapists,2021– ,TV-14,nil,"Documentary, Adventure, Comedy",5.7,nil,"1,943"
 Your Honor,2020–2021,TV-MA,59 min,"Crime, Drama, Thriller",7.3,nil,"1,937"
 Shadow and Bone,2021– ,TV-14,54 min,"Action, Adventure, Drama",8.2,nil,"1,929"
Payback,2021,not rated,91 min,Thriller,6.0,nil,"1,927"
Life in Colour,2021– ,TV-PG,59 min,Documentary,8.3,nil,"1,927"
Record of Ragnarok,2021– ,TV-14,24 min,"Animation, Action, Adventure",6.2,nil,"1,904"
 Lucifer,2016– ,TV-14,53 min,"Crime, Drama, Fantasy",8.6,nil,"1,902"
 The Expanse,2015– ,TV-14,51 min,"Drama, Mystery, Sci-Fi",8.1,nil,"1,900"
 The Handmaid's Tale,2017– ,TV-MA,58 min,"Drama, Sci-Fi, Thriller",9.0,nil,"1,893"
B.A. Pass 3,2021,not rated,136 min,"Drama, Romance",8.2,nil,"1,890"
 Star Wars: The Bad Batch,2021– ,TV-PG,27 min,"Animation, Action, Adventure",8.6,nil,"1,887"
 Star Wars: The Bad Batch,2021– ,TV-PG,23 min,"Animation, Action, Adventure",7.4,nil,"1,887"
Jeet Ki Zid,2021– ,not rated,40 min,"Action, Drama",8.5,nil,"1,886"
Wild Dog,2021,TV-MA,145 min,"Action, Adventure, Crime",6.3,nil,"1,880"
 Shadow and Bone,2021– ,TV-14,52 min,"Action, Adventure, Drama",8.4,nil,"1,879"
 The Frog,2020–2021,Not Rated,48 min,"Crime, Drama, Mystery",8.0,nil,"1,875"
Coyote,2021– ,TV-MA,290 min,"Crime, Drama, Thriller",6.8,nil,"1,875"
 The Frog,2020–2021,Not Rated,48 min,"Crime, Drama, Mystery",7.6,nil,"1,873"
 Fear the Walking Dead,2015– ,TV-MA,51 min,"Drama, Horror, Sci-Fi",8.0,nil,"1,873"
The Yinyang Master,2021,not rated,113 min,"Action, Adventure, Drama",6.4,nil,"1,873"
Marasli,2021– ,not rated,120 min,Drama,8.0,nil,"1,871"
 Lucifer,2016– ,TV-14,59 min,"Crime, Drama, Fantasy",9.0,nil,"1,870"
 The Handmaid's Tale,2017– ,TV-MA,54 min,"Drama, Sci-Fi, Thriller",8.1,nil,"1,867"
Cinema Bandi,2021,not rated,98 min,"Comedy, Drama",8.1,nil,"1,858"
Last Chance U: Basketball,2021– ,TV-MA,nil,"Documentary, Sport",8.4,nil,"1,856"
Nizhal,2021,Not Rated,118 min,"Drama, Mystery, Thriller",6.4,nil,"1,849"
 The Frog,2020–2021,Not Rated,54 min,"Crime, Drama, Mystery",7.7,nil,"1,846"
Every Breath You Take,2021,R,105 min,"Drama, Mystery, Thriller",5.2,32        ,"1,839"
 The Frog,2020–2021,Not Rated,45 min,"Crime, Drama, Mystery",7.8,nil,"1,837"
Gibi,2021– ,not rated,30 min,Comedy,8.5,nil,"1,832"
 Star Wars: The Bad Batch,2021– ,TV-PG,21 min,"Animation, Action, Adventure",7.3,nil,"1,831"
The Seventh Day,2021,R,87 min,"Horror, Mystery",4.4,43        ,"1,825"
Born a Champion,2021,R,112 min,"Action, Drama, Sport",7.0,nil,"1,816"
Mai Hero Boll Raha Hu,2021– ,not rated,nil,"Action, Thriller",8.9,nil,"1,811"
 The Frog,2020–2021,Not Rated,52 min,"Crime, Drama, Mystery",7.9,nil,"1,808"
 The Frog,2020–2021,Not Rated,53 min,"Crime, Drama, Mystery",7.6,nil,"1,808"
Red,I 2021,TV-14,146 min,"Action, Crime, Drama",6.6,nil,"1,806"
 Jujutsu Kaisen,2020– ,TV-MA,24 min,"Animation, Action, Adventure",9.3,nil,"1,805"
 Jujutsu Kaisen,2020– ,TV-MA,24 min,"Animation, Action, Adventure",9.2,nil,"1,793"
 Star Wars: The Bad Batch,2021– ,TV-PG,24 min,"Animation, Action, Adventure",9.1,nil,"1,779"
 Resident Alien,2021– ,TV-14,47 min,"Comedy, Drama, Mystery",8.3,nil,"1,776"
Bir Yeralti Sitcom'u,2021– ,not rated,nil,Comedy,7.4,nil,"1,770"
Tokyo Revengers,2021– ,TV-14,24 min,"Animation, Action, Drama",8.6,nil,"1,768"
 Lucifer,2016– ,TV-14,61 min,"Crime, Drama, Fantasy",8.5,nil,"1,764"
The Pursuit of Love,2021– ,not rated,nil,"Drama, Romance",6.6,nil,"1,746"
The Soul,2021,not rated,130 min,"Drama, Mystery, Sci-Fi",6.7,nil,"1,745"
Trese,2021– ,TV-MA,33 min,"Animation, Action, Adventure",7.2,nil,"1,744"
Mouse,2021– ,not rated,80 min,"Action, Crime, Mystery",8.7,nil,"1,742"
The Great North,2021– ,TV-14,21 min,"Animation, Comedy",6.5,nil,"1,735"
 Young Rock,2021– ,TV-14,nil,Comedy,8.7,nil,"1,719"
LOL: Last One Laughing Germany,2021– ,not rated,nil,"Comedy, Reality-TV",7.8,nil,"1,717"
 The Frog,2020–2021,Not Rated,71 min,"Crime, Drama, Mystery",7.3,nil,"1,702"
Zombie Reddy,2021,not rated,130 min,"Action, Comedy, Horror",7.0,nil,"1,701"
Exterminate All the Brutes,2021,TV-MA,232 min,"Documentary, History",6.8,nil,"1,698"
A Perfect Planet,2021,TV-PG,245 min,Documentary,9.1,nil,"1,691"
 One Piece,1999– ,TV-14,24 min,"Animation, Action, Adventure",9.3,nil,"1,687"
Dude,2021– ,not rated,32 min,"Drama, Mystery, Thriller",9.3,nil,"1,682"
Too Close,2021,not rated,143 min,"Crime, Drama, Thriller",6.7,nil,"1,674"
 Superman and Lois,2021– ,TV-PG,43 min,"Action, Adventure, Drama",8.3,nil,"1,672"
Wonder Egg Priority,2021– ,TV-MA,23 min,"Animation, Action, Drama",8.2,nil,"1,667"
 Jujutsu Kaisen,2020– ,TV-MA,24 min,"Animation, Action, Adventure",9.1,nil,"1,661"
 Fear the Walking Dead,2015– ,TV-MA,48 min,"Drama, Horror, Sci-Fi",6.2,nil,"1,660"
Twist,2021,R,90 min,"Action, Drama",4.0,nil,"1,660"
Doors,2021,not rated,84 min,Sci-Fi,3.3,nil,"1,657"
 Dracula,2021– ,not rated,nil,"Comedy, Drama",9.5,nil,"1,655"
 Fear the Walking Dead,2015– ,TV-MA,51 min,"Drama, Horror, Sci-Fi",8.5,nil,"1,651"
Tenkuu Shinpan,2021– ,TV-MA,25 min,"Animation, Action, Horror",6.7,nil,"1,642"
The Pact,2021– ,not rated,nil,Thriller,6.8,nil,"1,642"
 The Flash,2014– ,TV-PG,42 min,"Action, Adventure, Drama",8.5,nil,"1,638"
Homunculus,2021,TV-MA,115 min,"Drama, Fantasy, Mystery",5.6,nil,"1,637"
Starstruck,2021– ,not rated,30 min,Comedy,7.7,nil,"1,637"
 The Handmaid's Tale,2017– ,TV-MA,41 min,"Drama, Sci-Fi, Thriller",7.7,nil,"1,627"
The Upshaws,2021– ,TV-14,nil,Comedy,6.9,nil,"1,620"
Cypher,2021– ,not rated,nil,"Action, Crime, Drama",6.5,nil,"1,610"
 One Piece,1999– ,TV-14,nil,"Animation, Action, Adventure",9.6,nil,"1,610"
 The Flash,2014– ,TV-PG,42 min,"Action, Adventure, Drama",7.3,nil,"1,606"
 When Calls the Heart,2014– ,TV-G,nil,"Drama, Family, Romance",5.0,nil,"1,604"
 The Handmaid's Tale,2017– ,TV-MA,47 min,"Drama, Sci-Fi, Thriller",8.8,nil,"1,601"
Gaali Sampath,2021,not rated,130 min,Drama,7.4,nil,"1,600"
Douluo Continent,2021– ,not rated,38 min,"Action, Fantasy, Horror",9.0,nil,"1,600"
Domina,2021– ,not rated,nil,"Drama, History",6.9,nil,"1,599"
 The Handmaid's Tale,2017– ,TV-MA,48 min,"Drama, Sci-Fi, Thriller",8.2,nil,"1,593"
Nenjam Marappathillai,2021,not rated,150 min,"Horror, Thriller",6.4,nil,"1,590"
Surviving Death,2021– ,TV-MA,50 min,"Documentary, Reality-TV",6.1,nil,"1,585"
 Black Clover,2017–2021,TV-14,24 min,"Animation, Action, Adventure",9.6,nil,"1,582"
 Walker,2021– ,TV-PG,42 min,"Action, Crime, Drama",6.8,nil,"1,570"
Men in Kilts: A Roadtrip with Sam and Graham,2021– ,TV-14,nil,"Documentary, Comedy, Reality-TV",8.8,nil,"1,567"
Plan B,II 2021,TV-MA,107 min,Comedy,6.7,74        ,"1,566"
Leonardo,2021– ,Not Rated,nil,"Biography, Drama, History",7.1,nil,"1,560"
 The Handmaid's Tale,2017– ,TV-MA,45 min,"Drama, Sci-Fi, Thriller",8.3,nil,"1,559"
Indori Ishq,2021– ,not rated,25 min,"Comedy, Drama, Romance",7.4,nil,"1,558"
Demi Lovato: Dancing with the Devil,2021,TV-14,94 min,"Documentary, Music",8.2,nil,"1,558"
One Small Story,2021,not rated,134 min,"Comedy, Drama",7.4,nil,"1,554"
The Power,I 2021,not rated,153 min,"Action, Crime, Drama",5.7,nil,"1,554"
Just Say Yes,2021,TV-MA,97 min,"Comedy, Romance",4.5,nil,"1,553"
 One Piece,1999– ,TV-14,24 min,"Animation, Action, Adventure",9.4,nil,"1,552"
Bad President,2021,not rated,90 min,"Comedy, Fantasy",5.2,nil,"1,552"
 The Handmaid's Tale,2017– ,TV-MA,47 min,"Drama, Sci-Fi, Thriller",8.0,nil,"1,550"
Dad Stop Embarrassing Me!,2021,TV-PG,25 min,"Comedy, Family",4.2,nil,"1,546"
 Jupiter's Legacy,2021,TV-MA,47 min,"Action, Adventure, Drama",7.2,nil,"1,538"
 Young Rock,2021– ,TV-PG,nil,Comedy,8.6,nil,"1,532"
 The Flash,2014– ,TV-PG,42 min,"Action, Adventure, Drama",5.4,nil,"1,531"
Redo of Healer,2021– ,TV-MA,24 min,"Animation, Action, Adventure",6.3,nil,"1,519"
Paradise City,2021– ,TV-MA,nil,"Drama, Fantasy, Music",6.9,nil,"1,508"
 Jujutsu Kaisen,2020– ,TV-MA,24 min,"Animation, Action, Adventure",8.9,nil,"1,508"
WeWork: Or the Making and Breaking of a $47 Billion Unicorn,2021,TV-MA,104 min,Documentary,6.6,56        ,"1,506"
 The Rookie,2018– ,TV-14,nil,"Comedy, Crime, Drama",4.1,nil,"1,503"
Grahan,I 2021– ,not rated,nil,"Action, Drama, Thriller",8.8,nil,"1,499"
 Your Honor,2020–2021,TV-MA,54 min,"Crime, Drama, Thriller",8.3,nil,"1,497"
Intergalactic,2021– ,Not Rated,nil,"Drama, Sci-Fi",4.1,nil,"1,494"
 Young Rock,2021– ,TV-14,24 min,Comedy,7.8,nil,"1,491"
The Drowning,2021,not rated,nil,"Drama, Mystery, Thriller",5.5,nil,"1,488"
SK8 the Infinity,2021– ,not rated,nil,"Animation, Adventure, Comedy",8.2,nil,"1,487"
 For All Mankind,2019– ,TV-MA,76 min,"Drama, Sci-Fi",9.6,nil,"1,484"
Lisey's Story,2021,TV-MA,nil,"Drama, Horror, Mystery",5.9,nil,"1,482"
Dogu,2021– ,not rated,nil,Comedy,7.4,nil,"1,482"
Saat Kadam,2021– ,not rated,120 min,"Drama, Sport",8.5,nil,"1,480"
 Black Clover,2017–2021,TV-PG,24 min,"Animation, Action, Adventure",9.8,nil,"1,480"
The Me You Can't See,2021– ,TV-MA,nil,Documentary,5.2,nil,"1,478"
Frank of Ireland,2021– ,TV-MA,nil,Comedy,6.7,nil,"1,477"
Narco Sub,2021,R,93 min,"Action, Crime, Drama",6.4,nil,"1,476"
Kathmandu Connection,2021– ,not rated,nil,"Action, Crime, Thriller",5.8,nil,"1,465"
30 Rojullo Preminchadam Ela?,2021,not rated,143 min,Romance,7.5,nil,"1,465"
 Dracula,2021– ,not rated,nil,"Comedy, Drama",9.6,nil,"1,458"
Kevin Can F**k Himself,2021– ,TV-MA,nil,"Comedy, Drama",6.3,nil,"1,455"
 The Nevers,2021– ,TV-MA,64 min,"Action, Drama, Fantasy",7.8,nil,"1,441"
Know Fear,2021,not rated,77 min,Horror,5.5,nil,"1,435"
Fake Famous,2021 TV Movie,TV-MA,87 min,Documentary,6.6,nil,"1,432"
Pixar Popcorn,2021– ,TV-PG,19 min,"Animation, Short, Comedy",6.6,nil,"1,432"
 Young Rock,2021– ,TV-14,nil,Comedy,8.4,nil,"1,430"
 Superman and Lois,2021– ,TV-PG,44 min,"Action, Adventure, Drama",8.1,nil,"1,428"
 Shameless,2011–2021,TV-MA,50 min,"Comedy, Drama",6.0,nil,"1,420"
 Racket Boys,2021– ,not rated,86 min,"Comedy, Drama, Sport",1.0,nil,"1,416"
Climax,2021,not rated,80 min,Thriller,8.1,nil,"1,413"
 Batwoman,2019– ,TV-14,42 min,"Action, Adventure, Crime",4.3,nil,"1,413"
Madam Chief Minister,2021,TV-14,130 min,Drama,4.6,nil,"1,409"
iCarly,2021– ,TV-14,26 min,"Comedy, Drama, Family",7.3,nil,"1,407"
 Jujutsu Kaisen,2020– ,TV-MA,24 min,"Animation, Action, Adventure",8.6,nil,"1,405"
 One Piece,1999– ,TV-14,nil,"Animation, Action, Adventure",9.5,nil,"1,402"
Home Economics,2021– ,TV-PG,30 min,Comedy,6.2,nil,"1,401"
Girls5eva,2021– ,TV-MA,nil,"Comedy, Music",7.2,nil,"1,401"
 Fear the Walking Dead,2015– ,TV-MA,45 min,"Drama, Horror, Sci-Fi",7.5,nil,"1,388"
 Castlevania,2017–2021,TV-MA,31 min,"Animation, Action, Adventure",9.6,nil,"1,387"
Zebra Girl,2021,not rated,79 min,"Mystery, Thriller",7.1,nil,"1,386"
Secrets of Sinauli,2021,not rated,56 min,"Documentary, History",9.3,nil,"1,386"
Finding Alice,2021– ,Not Rated,46 min,"Comedy, Drama",5.7,nil,"1,384"
Vellam,I 2021,not rated,154 min,"Biography, Drama",7.7,nil,"1,376"
 Anne Boleyn,2021– ,not rated,nil,Drama,6.9,nil,"1,375"
 Your Honor,2020–2021,TV-MA,57 min,"Crime, Drama, Thriller",8.1,nil,"1,371"
Cabras da Peste,2021,TV-14,97 min,"Action, Comedy, Crime",6.2,nil,"1,367"
Nail Bomber: Manhunt,2021,TV-MA,72 min,"Documentary, Crime, History",6.3,nil,"1,366"
 Racket Boys,2021– ,not rated,nil,"Comedy, Drama, Sport",1.0,nil,"1,365"
 Castlevania,2017–2021,TV-MA,27 min,"Animation, Action, Adventure",9.4,nil,"1,363"
 Dracula,2021– ,not rated,nil,"Comedy, Drama",9.6,nil,"1,361"
Shukra,2021,not rated,119 min,Drama,7.5,nil,"1,357"
 Fear the Walking Dead,2015– ,TV-MA,47 min,"Drama, Horror, Sci-Fi",8.2,nil,"1,353"
 This Is Us,2016–2022,TV-14,43 min,"Comedy, Drama, Romance",9.0,nil,"1,350"
 Jujutsu Kaisen,2020– ,TV-MA,24 min,"Animation, Action, Adventure",8.2,nil,"1,346"
 One Piece,1999– ,TV-14,nil,"Animation, Action, Adventure",9.2,nil,"1,342"
 The Promised Neverland,2019–2021,TV-14,23 min,"Animation, Adventure, Drama",8.6,nil,"1,341"
Porodica,2021– ,not rated,nil,"Drama, History",7.5,nil,"1,338"
 Jujutsu Kaisen,2020– ,TV-MA,24 min,"Animation, Action, Adventure",8.1,nil,"1,337"
G - Zombie,2021,not rated,116 min,Sci-Fi,7.2,nil,"1,336"
 Sweet Tooth,2021– ,TV-14,nil,"Action, Adventure, Drama",8.1,nil,"1,335"
 Resident Alien,2021– ,TV-14,44 min,"Comedy, Drama, Mystery",8.0,nil,"1,334"
 Racket Boys,2021– ,not rated,nil,"Comedy, Drama, Sport",1.0,nil,"1,333"
 The Blacklist,2013– ,TV-14,43 min,"Crime, Drama, Mystery",4.6,nil,"1,333"
 One Piece,1999– ,TV-14,nil,"Animation, Action, Adventure",9.0,nil,"1,333"
One and the Same,2021,Not Rated,110 min,Mystery,6.7,nil,"1,332"
 One Piece,1999– ,TV-14,nil,"Animation, Action, Adventure",9.0,nil,"1,328"
Jakob's Wife,2021,Not Rated,98 min,Horror,5.3,59        ,"1,325"
Mosagallu,2021,not rated,85 min,Drama,6.4,nil,"1,325"
 Behind Her Eyes,2021,TV-MA,50 min,"Drama, Mystery, Thriller",8.2,nil,"1,312"
Can't Get You Out of My Head,2021,not rated,nil,"Documentary, History",8.6,nil,"1,308"
Yesilçam: Bir Sinema Hayvani,2021– ,not rated,nil,"Drama, History, Romance",8.1,nil,"1,303"
MMOF,2021,not rated,108 min,Drama,7.1,nil,"1,299"
Grace,2021– ,not rated,90 min,"Crime, Drama, Mystery",7.1,nil,"1,297"
 Superman and Lois,2021– ,TV-PG,nil,"Action, Adventure, Drama",8.2,nil,"1,295"
 Young Rock,2021– ,TV-PG,21 min,Comedy,7.6,nil,"1,293"
We Are Lady Parts,2021– ,TV-MA,24 min,"Comedy, Music",7.8,nil,"1,292"
 Your Honor,2020–2021,TV-MA,56 min,"Crime, Drama, Thriller",8.0,nil,"1,285"
 Bang Baang,2021– ,not rated,nil,"Action, Thriller",9.3,nil,"1,281"
 Fear the Walking Dead,2015– ,TV-MA,48 min,"Drama, Horror, Sci-Fi",8.0,nil,"1,277"
Wagle Ki Duniya,2021– ,not rated,nil,Comedy,9.3,nil,"1,274"
 One Piece,1999– ,TV-14,nil,"Animation, Action, Adventure",9.3,nil,"1,265"
 Wynonna Earp,2016–2021,TV-MA,43 min,"Action, Drama, Fantasy",9.4,nil,"1,262"
I want to be alive,2021– ,TV-14,50 min,"Drama, Romance, Thriller",6.2,nil,"1,261"
 The Handmaid's Tale,2017– ,TV-MA,57 min,"Drama, Sci-Fi, Thriller",8.6,nil,"1,257"
 The Blacklist,2013– ,TV-14,42 min,"Crime, Drama, Mystery",5.1,nil,"1,256"
Sex/Life,2021– ,TV-MA,nil,"Comedy, Drama, Romance",6.0,nil,"1,253"
Rang De,2021,not rated,130 min,"Comedy, Drama, Romance",6.8,nil,"1,252"
Hello Jee,2021– ,not rated,22 min,"Romance, Thriller",7.9,nil,"1,248"
The Crime of the Century,2021,TV-MA,231 min,"Documentary, Crime",8.1,nil,"1,247"
 Jujutsu Kaisen,2020– ,TV-MA,24 min,"Animation, Action, Adventure",8.2,nil,"1,242"
Body Brokers,2021,R,111 min,"Crime, Drama, Thriller",6.2,64        ,"1,241"
OK Computer,2021– ,not rated,240 min,"Comedy, Crime, Mystery",5.4,nil,"1,241"
Secrets of Sulphur Springs,2021– ,TV-PG,24 min,"Adventure, Drama, Family",7.8,nil,"1,240"
 Jupiter's Legacy,2021,TV-MA,35 min,"Action, Adventure, Drama",7.0,nil,"1,237"
 Your Honor,2020–2021,TV-MA,58 min,"Crime, Drama, Thriller",7.7,nil,"1,235"
 Young Rock,2021– ,TV-14,21 min,Comedy,7.9,nil,"1,232"
 One Piece,1999– ,TV-14,nil,"Animation, Action, Adventure",9.5,nil,"1,230"
Kill Plan,2021,not rated,71 min,Thriller,5.2,nil,"1,229"
 One Piece,1999– ,TV-14,nil,"Animation, Action, Adventure",9.3,nil,"1,225"
Son Yaz,2021– ,not rated,120 min,Drama,7.9,nil,"1,219"
Seobok,2021,TV-MA,114 min,"Action, Sci-Fi, Thriller",6.2,nil,"1,215"
P!nk: All I Know So Far,2021,TV-14,99 min,"Documentary, Biography, Music",8.0,60        ,"1,214"
Bad Luck Banging or Loony Porn,2021,not rated,106 min,"Comedy, Drama",6.8,67        ,"1,211"
 Fear the Walking Dead,2015– ,TV-MA,45 min,"Drama, Horror, Sci-Fi",8.1,nil,"1,211"
"Money, Explained",2021,TV-14,23 min,Documentary,6.9,nil,"1,208"
 One Piece,1999– ,TV-14,nil,"Animation, Action, Adventure",9.5,nil,"1,207"
Kenan,2021– ,TV-PG,nil,Comedy,5.6,nil,"1,206"
 One Piece,1999– ,TV-14,nil,"Animation, Action, Adventure",9.1,nil,"1,194"
Dom,2021– ,TV-MA,nil,"Crime, Drama",7.2,nil,"1,192"
Headspace Guide to Meditation,2021,TV-G,173 min,"Documentary, Animation",8.5,nil,"1,191"
 Anne Boleyn,2021– ,not rated,nil,Drama,6.9,nil,"1,190"
A Writer's Odyssey,2021,not rated,130 min,"Action, Adventure, Crime",6.3,nil,"1,188"
Daughter from Another Mother,2021– ,TV-MA,nil,"Comedy, Drama, Fantasy",7.4,nil,"1,183"
Marvel Studios: Assembled,2021– ,TV-14,58 min,Documentary,8.0,nil,"1,182"
 The Flash,2014– ,TV-PG,42 min,"Action, Adventure, Drama",6.5,nil,"1,175"
 Riverdale,2017– ,TV-14,41 min,"Crime, Drama, Mystery",7.6,nil,"1,172"
 Your Honor,2020–2021,TV-MA,52 min,"Crime, Drama, Thriller",8.1,nil,"1,172"
Ride or Die,III 2021,TV-MA,142 min,"Drama, Romance, Thriller",5.4,64        ,"1,169"
 Resident Alien,2021– ,TV-14,44 min,"Comedy, Drama, Mystery",7.9,nil,"1,168"
" Re: Zero, Starting Life in Another World",2016– ,TV-14,30 min,"Animation, Adventure, Drama",9.7,nil,"1,159"
1962: the War in the Hills,2021– ,not rated,45 min,"Action, Adventure, Drama",6.2,nil,"1,159"
 Young Rock,2021– ,TV-14,nil,Comedy,8.7,nil,"1,157"
The Stay,2021,not rated,87 min,Thriller,6.4,nil,"1,150"
 Jupiter's Legacy,2021,TV-MA,44 min,"Action, Adventure, Drama",7.2,nil,"1,149"
Sensation,2021,not rated,96 min,"Mystery, Sci-Fi, Thriller",4.4,nil,"1,148"
 Young Rock,2021– ,TV-PG,nil,Comedy,7.9,nil,"1,141"
 One Piece,1999– ,TV-14,nil,"Animation, Action, Adventure",9.6,nil,"1,140"
Detective Chinatown 3,2021,R,136 min,"Action, Adventure, Comedy",5.7,nil,"1,140"
 Young Rock,2021– ,TV-PG,nil,Comedy,8.2,nil,"1,136"
False Positive,2021,R,92 min,"Horror, Mystery, Thriller",4.7,57        ,"1,136"
Agent Revelation,2021,not rated,86 min,"Action, Sci-Fi, Thriller",5.6,nil,"1,132"
Hoodman,2021,not rated,98 min,"Crime, Horror, Thriller",6.3,nil,"1,132"
 The Blacklist,2013– ,TV-14,43 min,"Crime, Drama, Mystery",8.7,nil,"1,127"
A (Ad Infinitum),2021,not rated,153 min,"Family, Thriller",8.4,nil,"1,127"
Downfalls High,2021,not rated,46 min,"Drama, Musical, Romance",7.5,nil,"1,124"
 IMDb on the Scene - Interviews,2017– ,Not Rated,nil,Talk-Show,7.9,nil,"1,120"
Sweet & Sour,2021,TV-14,101 min,"Comedy, Romance",6.8,nil,"1,117"
 Snowpiercer,2020– ,TV-MA,47 min,"Action, Drama, Sci-Fi",7.9,nil,"1,113"
"Hi, Mom",2021,not rated,128 min,"Comedy, Drama, Fantasy",7.1,nil,"1,109"
 Resident Alien,2021– ,TV-14,45 min,"Comedy, Drama, Mystery",8.2,nil,"1,109"
 Wynonna Earp,2016–2021,TV-14,nil,"Action, Drama, Fantasy",9.3,nil,"1,108"
 Snowpiercer,2020– ,TV-MA,46 min,"Action, Drama, Sci-Fi",8.4,nil,"1,107"
Dystopia,2021– ,not rated,nil,Horror,8.3,nil,"1,105"
 Resident Alien,2021– ,TV-14,46 min,"Comedy, Drama, Mystery",8.4,nil,"1,099"
 Walker,2021– ,TV-PG,42 min,"Action, Crime, Drama",6.9,nil,"1,096"
Check,2021,not rated,140 min,Action,6.6,nil,"1,095"
 Young Rock,2021– ,TV-PG,nil,Comedy,8.3,nil,"1,094"
 Supergirl,2015–2021,TV-14,nil,"Action, Adventure, Drama",7.9,nil,"1,094"
Rutherford Falls,2021– ,TV-14,nil,Comedy,6.5,nil,"1,094"
 The Flash,2014– ,TV-PG,42 min,"Action, Adventure, Drama",7.5,nil,"1,093"
Trigger Point,2021,not rated,85 min,"Action, Thriller",4.8,nil,"1,092"
 Bang Baang,2021– ,not rated,nil,"Action, Thriller",9.3,nil,"1,091"
Akinci,2021– ,not rated,120 min,"Action, Adventure, Crime",2.6,nil,"1,091"
Khuda Aur Mohabbat 3,2021,not rated,40 min,Drama,9.1,nil,"1,090"
Tony Parker: The Final Shot,2021,TV-14,98 min,"Documentary, Biography, Sport",6.8,nil,"1,088"
LOL: Last One Laughing Italy,2021– ,not rated,nil,Comedy,7.4,nil,"1,088"
 The Flash,2014– ,TV-PG,42 min,"Action, Adventure, Drama",6.6,nil,"1,085"
 Black Clover,2017–2021,TV-PG,24 min,"Animation, Action, Adventure",9.5,nil,"1,085"
 Behind Her Eyes,2021,TV-MA,50 min,"Drama, Mystery, Thriller",7.0,nil,"1,085"
 Line of Duty,2012– ,TV-14,57 min,"Crime, Drama, Mystery",9.2,nil,"1,083"
Vivy: Fluorite Eye's Song,2021– ,not rated,nil,"Animation, Action, Sci-Fi",8.7,nil,"1,083"
Boogie,2021,R,90 min,Drama,5.2,54        ,"1,083"
Play Back,2021,not rated,138 min,"Crime, Fantasy, Romance",8.2,nil,"1,081"
A Glitch in the Matrix,2021,Not Rated,108 min,Documentary,5.2,62        ,"1,080"
 The Rookie,2018– ,TV-14,nil,"Comedy, Crime, Drama",5.9,nil,"1,079"
Live Telecast,2021– ,not rated,32 min,Horror,4.2,nil,"1,078"
 Superman and Lois,2021– ,TV-PG,nil,"Action, Adventure, Drama",8.6,nil,"1,077"
 Jupiter's Legacy,2021,TV-MA,48 min,"Action, Adventure, Drama",6.9,nil,"1,077"
 Fate: The Winx Saga,2021– ,TV-MA,53 min,"Action, Adventure, Drama",7.2,nil,"1,072"
 Anne Boleyn,2021– ,not rated,nil,Drama,6.9,nil,"1,070"
 The Rookie,2018– ,TV-14,42 min,"Comedy, Crime, Drama",6.1,nil,"1,067"
 The Handmaid's Tale,2017– ,TV-MA,52 min,"Drama, Sci-Fi, Thriller",8.3,nil,"1,064"
 Master of None,2015– ,TV-MA,55 min,"Comedy, Drama",5.8,nil,"1,061"
 One Piece,1999– ,TV-14,nil,"Animation, Action, Adventure",9.4,nil,"1,061"
The Candidate,2021,not rated,nil,"Short, Horror",9.0,nil,"1,059"
The Boarding School: Las Cumbres,2021– ,Not Rated,nil,"Drama, Mystery, Thriller",6.5,nil,"1,053"
 It's a Sin,2021,TV-MA,49 min,"Comedy, Drama, History",9.4,nil,"1,053"
 The Blacklist,2013– ,TV-14,42 min,"Crime, Drama, Mystery",8.9,nil,"1,051"
Sasquatch,2021,TV-MA,138 min,"Documentary, Crime, History",6.2,nil,"1,050"
Zero Chill,2021– ,TV-G,nil,"Comedy, Drama, Family",5.7,nil,"1,050"
 Sweet Tooth,2021– ,TV-14,nil,"Action, Adventure, Drama",8.3,nil,"1,049"
 Jupiter's Legacy,2021,TV-MA,56 min,"Action, Adventure, Drama",7.9,nil,"1,048"
Elite Short Stories: Carla Samuel,2021,TV-MA,43 min,"Short, Drama, Romance",7.1,nil,"1,046"
Elite Short Stories: Guzmán Caye Rebe,2021,TV-MA,36 min,"Short, Crime, Drama",7.5,nil,"1,045"
 The Blacklist,2013– ,TV-14,42 min,"Crime, Drama, Mystery",6.4,nil,"1,043"
Hükümsüz,2021– ,not rated,40 min,"Drama, Mystery, Thriller",6.9,nil,"1,041"
 IMDb on the Scene - Interviews,2017– ,Not Rated,nil,Talk-Show,9.3,nil,"1,038"
 It's a Sin,2021,TV-MA,46 min,"Comedy, Drama, History",8.5,nil,"1,038"
 The Promised Neverland,2019–2021,TV-14,23 min,"Animation, Adventure, Drama",8.1,nil,"1,037"
The Force Awakens from Its Nap,2021,TV-PG,3 min,"Animation, Short, Comedy",6.2,nil,"1,035"
 The Promised Neverland,2019–2021,TV-14,23 min,"Animation, Adventure, Drama",6.4,nil,"1,032"
True,2021,not rated,92 min,Thriller,8.9,nil,"1,024"
Tempt Raja,2021,not rated,108 min,Comedy,9.0,nil,"1,023"
 Bang Baang,2021– ,not rated,nil,"Action, Thriller",9.4,nil,"1,023"
Double Dad,2021,TV-G,103 min,"Comedy, Drama, Family",5.7,nil,"1,023"
 Fear the Walking Dead,2015– ,TV-MA,nil,"Drama, Horror, Sci-Fi",8.2,nil,"1,022"
North Hollywood,2021,Not Rated,93 min,"Comedy, Drama",6.2,nil,"1,020"
 It's a Sin,2021,TV-MA,48 min,"Comedy, Drama, History",9.2,nil,"1,020"
Welcome to Utmark,2021– ,not rated,nil,"Comedy, Drama",7.9,nil,"1,016"
Amend: The Fight for America,I 2021,TV-MA,nil,"Documentary, History",7.9,nil,"1,015"
 Bang Baang,2021– ,not rated,nil,"Action, Thriller",9.4,nil,"1,015"
Physical,2021– ,TV-MA,nil,"Comedy, Drama",7.0,nil,"1,015"
 Lupin,2021– ,TV-MA,43 min,"Action, Crime, Drama",7.1,nil,"1,013"
 Jupiter's Legacy,2021,TV-MA,36 min,"Action, Adventure, Drama",7.4,nil,"1,013"
Call Your Mother,2021,TV-PG,22 min,Comedy,5.2,nil,"1,011"
 This Is Us,2016–2022,TV-14,43 min,"Comedy, Drama, Romance",9.1,nil,"1,009"
 Bang Baang,2021– ,not rated,nil,"Action, Thriller",9.3,nil,"1,006"
 The Flash,2014– ,TV-PG,42 min,"Action, Adventure, Drama",7.5,nil,"1,005"
 The Promised Neverland,2019–2021,TV-14,23 min,"Animation, Adventure, Drama",7.8,nil,"1,005"
 Fate: The Winx Saga,2021– ,TV-MA,53 min,"Action, Adventure, Drama",8.2,nil,"1,002"
 The Blacklist,2013– ,TV-14,43 min,"Crime, Drama, Mystery",8.6,nil,"1,001"
 To Your Eternity,2021– ,not rated,25 min,"Animation, Adventure, Drama",9.7,nil,"1,000"
 Wynonna Earp,2016–2021,TV-14,43 min,"Action, Drama, Fantasy",9.5,nil,997
 The Promised Neverland,2019–2021,TV-14,23 min,"Animation, Adventure, Drama",7.0,nil,995
Hey There!,2021,Not Rated,82 min,Comedy,6.2,nil,995
 One Piece,1999– ,TV-14,nil,"Animation, Action, Adventure",9.2,nil,993
 The Stand,2020–2021,TV-MA,60 min,"Adventure, Drama, Fantasy",6.9,nil,990
 Bang Baang,2021– ,not rated,nil,"Action, Thriller",9.3,nil,990
The Houseboat,2021– ,TV-14,nil,Documentary,7.3,nil,989
 The Good Doctor,2017– ,TV-14,43 min,Drama,5.0,nil,989
Queen of Beggars Aka Malake Gedayan,2021– ,not rated,nil,"Drama, Mystery, Romance",5.1,nil,989
400 Bullets,2021,Not Rated,89 min,Action,4.6,nil,988
 Jupiter's Legacy,2021,TV-MA,48 min,"Action, Adventure, Drama",7.1,nil,986
 Fear the Walking Dead,2015– ,TV-MA,42 min,"Drama, Horror, Sci-Fi",7.3,nil,984
 Wynonna Earp,2016–2021,TV-14,43 min,"Action, Drama, Fantasy",9.6,nil,981
 Bang Baang,2021– ,not rated,nil,"Action, Thriller",9.3,nil,980
Devineni,2021,not rated,122 min,Drama,9.7,nil,979
 Grey's Anatomy,2005– ,TV-14,nil,"Drama, Romance",5.1,nil,977
United States of Al,2021– ,TV-PG,30 min,Comedy,5.9,nil,977
Ninnila Ninnila,2021,not rated,118 min,"Comedy, Romance",7.7,nil,976
 Superstore,2015–2021,TV-14,nil,Comedy,9.6,nil,975
Safer at Home,2021,R,82 min,Thriller,4.9,35        ,973
 Superman and Lois,2021– ,TV-PG,nil,"Action, Adventure, Drama",8.7,nil,973
Nabillera,2021– ,not rated,60 min,Drama,8.8,nil,972
 The Nevers,2021– ,TV-MA,63 min,"Action, Drama, Fantasy",7.8,nil,971
 Wynonna Earp,2016–2021,TV-14,43 min,"Action, Drama, Fantasy",9.4,nil,970
 Line of Duty,2012– ,TV-14,57 min,"Crime, Drama, Mystery",9.1,nil,968
 Bang Baang,2021– ,not rated,nil,"Action, Thriller",9.3,nil,968
 Jupiter's Legacy,2021,TV-MA,44 min,"Action, Adventure, Drama",7.4,nil,967
Zero,2021– ,TV-MA,27 min,"Action, Comedy, Drama",5.7,nil,965
Aarkkariyam,2021,not rated,126 min,Drama,7.0,nil,961
 Bang Baang,2021– ,not rated,nil,"Action, Thriller",9.3,nil,959
 Bang Baang,2021– ,not rated,nil,"Action, Thriller",9.3,nil,956
Breaking Boundaries: The Science of Our Planet,2021,TV-PG,73 min,Documentary,7.8,nil,949
 Formula 1: Drive to Survive,2019– ,TV-MA,51 min,"Documentary, Sport",9.4,nil,946
 Star Wars: The Bad Batch,2021– ,TV-PG,25 min,"Animation, Action, Adventure",8.5,nil,944
Glaciär,2021,not rated,88 min,Drama,6.2,nil,944
Taking a Shot at Love,2021 TV Movie,TV-G,84 min,"Drama, Romance",7.2,nil,941
It Was Always You,2021 TV Movie,TV-G,86 min,"Comedy, Drama, Romance",7.1,nil,937
 The Stand,2020–2021,TV-MA,61 min,"Adventure, Drama, Fantasy",6.9,nil,934
 Behind Her Eyes,2021,TV-MA,49 min,"Drama, Mystery, Thriller",7.2,nil,934
 Resident Alien,2021– ,TV-14,46 min,"Comedy, Drama, Mystery",8.1,nil,932
L'ultimo paradiso,2021,TV-MA,107 min,"Drama, Romance",5.6,nil,930
"Don't Toy with Me, Miss Nagatoro",2021– ,TV-14,24 min,"Animation, Comedy, Romance",7.6,nil,929
 The Flash,2014– ,TV-PG,42 min,"Action, Adventure, Drama",7.1,nil,927
 Line of Duty,2012– ,TV-14,57 min,"Crime, Drama, Mystery",7.8,nil,926
 One Piece,1999– ,TV-14,nil,"Animation, Action, Adventure",9.4,nil,926
 Riverdale,2017– ,TV-PG,42 min,"Crime, Drama, Mystery",8.5,nil,924
 It's a Sin,2021,TV-MA,47 min,"Comedy, Drama, History",8.7,nil,922
 Dracula,2021– ,not rated,nil,"Comedy, Drama",9.6,nil,921
 One Piece,1999– ,TV-14,nil,"Animation, Action, Adventure",9.1,nil,920
 Snowpiercer,2020– ,TV-MA,48 min,"Action, Drama, Sci-Fi",7.7,nil,918
 Castlevania,2017–2021,TV-MA,24 min,"Animation, Action, Adventure",9.1,nil,917
 IMDb on the Scene - Interviews,2017– ,Not Rated,nil,Talk-Show,7.6,nil,917
 Wynonna Earp,2016–2021,TV-14,54 min,"Action, Drama, Fantasy",9.6,nil,909
 Fate: The Winx Saga,2021– ,TV-MA,48 min,"Action, Adventure, Drama",7.4,nil,909
 The Blacklist,2013– ,TV-14,43 min,"Crime, Drama, Mystery",7.3,nil,901
Methagu,2021,not rated,nil,"Biography, History",9.7,nil,900
 Superman and Lois,2021– ,TV-PG,nil,"Action, Adventure, Drama",8.6,nil,896
Dark Web: Cicada 3301,2021,R,104 min,"Action, Comedy, Thriller",4.9,nil,893
 Clarice,2021– ,TV-14,42 min,"Crime, Drama, Mystery",7.0,nil,892
The Lady and the Dale,2021,TV-14,212 min,"Documentary, Biography, Crime",6.8,nil,891
 Sweet Tooth,2021– ,TV-14,nil,"Action, Adventure, Drama",8.0,nil,891
Caught by a Wave,2021,TV-14,99 min,"Drama, Romance, Sport",5.7,nil,891
Dancing Queens,2021,TV-MA,110 min,"Comedy, Drama",5.4,nil,888
 Castlevania,2017–2021,TV-MA,24 min,"Animation, Action, Adventure",8.3,nil,886
Ammaa Ki Boli,2021,not rated,117 min,"Comedy, Drama",7.9,nil,883
The Last Cruise,2021,TV-14,40 min,"Documentary, Short",6.4,75        ,883
Ögrenci Evi,2021– ,not rated,50 min,"Comedy, Drama, Romance",5.6,nil,882
Qubool Hai 2.0,2021– ,not rated,23 min,Romance,8.6,nil,881
 The Rookie,2018– ,TV-14,43 min,"Comedy, Crime, Drama",7.9,nil,881
Seance,2021,R,92 min,"Horror, Mystery",5.3,45        ,881
 It's a Sin,2021,TV-MA,48 min,"Comedy, Drama, History",9.0,nil,881
 The Flash,2014– ,TV-PG,42 min,"Action, Adventure, Drama",5.7,nil,880
LOL - Hasse Toh Phasse,2021– ,not rated,nil,Comedy,3.7,nil,879
Law School,2021– ,not rated,65 min,"Crime, Drama, Mystery",8.1,nil,879
 Behind Her Eyes,2021,TV-MA,50 min,"Drama, Mystery, Thriller",7.2,nil,879
Elite Short Stories: Nadia Guzmán,2021,TV-MA,33 min,"Short, Drama, Romance",6.4,nil,878
 Sweet Tooth,2021– ,TV-14,nil,"Action, Adventure, Drama",7.8,nil,876
 Fate: The Winx Saga,2021– ,TV-MA,51 min,"Action, Adventure, Drama",7.5,nil,876
 The Serpent,2021,TV-MA,59 min,"Crime, Drama, Thriller",7.2,nil,876
 Batwoman,2019– ,TV-14,41 min,"Action, Adventure, Crime",5.0,nil,875
Nate Bargatze: The Greatest Average American,2021 TV Special,TV-G,60 min,Comedy,7.3,nil,872
 The Promised Neverland,2019–2021,TV-14,23 min,"Animation, Adventure, Drama",8.1,nil,870
 Black Clover,2017–2021,TV-14,24 min,"Animation, Action, Adventure",9.6,nil,869
The Lockdown Hauntings,2021,not rated,101 min,Horror,5.4,nil,869
 The Nevers,2021– ,TV-MA,56 min,"Action, Drama, Fantasy",8.2,nil,869
Ankara,2021– ,Not Rated,nil,"Action, Drama",7.2,nil,865
Sreekaram,2021,not rated,122 min,Drama,7.0,nil,865
 Resident Alien,2021– ,TV-14,46 min,"Comedy, Drama, Mystery",8.2,nil,864
 Behind Her Eyes,2021,TV-MA,46 min,"Drama, Mystery, Thriller",7.6,nil,863
 This Is Us,2016–2022,TV-14,43 min,"Comedy, Drama, Romance",8.9,nil,862
 Riverdale,2017– ,TV-14,42 min,"Crime, Drama, Mystery",7.2,nil,862
 Racket Boys,2021– ,not rated,83 min,"Comedy, Drama, Sport",1.0,nil,861
 Mythic Quest: Raven's Banquet,2020– ,TV-MA,37 min,Comedy,9.3,nil,861
 The Blacklist,2013– ,TV-14,43 min,"Crime, Drama, Mystery",8.6,nil,861
 Lupin,2021– ,TV-MA,50 min,"Action, Crime, Drama",8.2,nil,860
 Racket Boys,2021– ,not rated,78 min,"Comedy, Drama, Sport",1.0,nil,858
 Sweet Tooth,2021– ,TV-14,nil,"Action, Adventure, Drama",8.7,nil,857
 Behind Her Eyes,2021,TV-MA,53 min,"Drama, Mystery, Thriller",7.5,nil,854
 The Nevers,2021– ,TV-MA,57 min,"Action, Drama, Fantasy",8.3,nil,853
 Snowpiercer,2020– ,TV-MA,45 min,"Action, Drama, Sci-Fi",7.7,nil,852
 Fate: The Winx Saga,2021– ,TV-MA,50 min,"Action, Adventure, Drama",7.7,nil,852
 The Rookie,2018– ,TV-14,43 min,"Comedy, Crime, Drama",6.3,nil,850
 Racket Boys,2021– ,not rated,64 min,"Comedy, Drama, Sport",1.0,nil,848
 The Blacklist,2013– ,TV-14,42 min,"Crime, Drama, Mystery",6.4,nil,845
 Resident Alien,2021– ,TV-14,45 min,"Comedy, Drama, Mystery",8.2,nil,845
 Snowpiercer,2020– ,TV-MA,47 min,"Action, Drama, Sci-Fi",8.2,nil,844
 Allen v. Farrow,2021,TV-MA,56 min,"Documentary, Biography, Crime",5.1,nil,842
 The Blacklist,2013– ,TV-14,43 min,"Crime, Drama, Mystery",6.5,nil,841
Ghost Lab,2021,TV-MA,117 min,"Drama, Horror, Thriller",5.2,nil,839
Clairevoyant,2021,not rated,90 min,"Comedy, Drama",7.7,nil,839
Kemono Jihen,2021– ,not rated,24 min,"Animation, Action, Fantasy",7.5,nil,835
 Walker,2021– ,TV-14,42 min,"Action, Crime, Drama",7.4,nil,833
 Superman and Lois,2021– ,TV-PG,nil,"Action, Adventure, Drama",8.8,nil,833
Oprah with Meghan and Harry: A CBS Primetime Special,2021 TV Special,TV-PG,86 min,Talk-Show,5.2,nil,830
 Fate: The Winx Saga,2021– ,TV-MA,47 min,"Action, Adventure, Drama",7.5,nil,830
 Resident Alien,2021– ,TV-14,46 min,"Comedy, Drama, Mystery",8.4,nil,828
 Superstore,2015–2021,TV-14,nil,Comedy,6.5,nil,825
Elite Short Stories: Omar Ander Alexis,2021,TV-MA,35 min,"Short, Drama",7.6,nil,824
 Riverdale,2017– ,TV-14,42 min,"Crime, Drama, Mystery",7.5,nil,824
 Tandav,2021– ,TV-14,38 min,"Drama, Thriller",5.3,nil,824
 Resident Alien,2021– ,TV-14,46 min,"Comedy, Drama, Mystery",8.5,nil,824
Mehndi Hai Rachne Waali,2021– ,not rated,nil,Drama,8.3,nil,822
 Castlevania,2017–2021,TV-MA,24 min,"Animation, Action, Adventure",8.2,nil,821
The 93rd Oscars,2021 TV Special,TV-14,150 min,nil,3.5,nil,821
Spirit Untamed,2021,PG,88 min,"Animation, Adventure, Family",5.4,48        ,820
 The Flash,2014– ,TV-PG,42 min,"Action, Adventure, Drama",5.9,nil,819
 Castlevania,2017–2021,TV-MA,29 min,"Animation, Action, Adventure",8.4,nil,818
Kadhanika,2021,not rated,128 min,Thriller,8.9,nil,818
Hero Mode,2021,PG,88 min,Comedy,4.9,46        ,817
 My Hero Academia,2016– ,TV-14,24 min,"Animation, Action, Adventure",6.9,nil,816
 The Rookie,2018– ,TV-14,nil,"Comedy, Crime, Drama",6.3,nil,816
 The Stand,2020–2021,TV-MA,57 min,"Adventure, Drama, Fantasy",6.5,nil,812
 Black Clover,2017–2021,TV-PG,24 min,"Animation, Action, Adventure",9.3,nil,811
 Black Clover,2017–2021,TV-PG,24 min,"Animation, Action, Adventure",9.6,nil,809
 This Is Us,2016–2022,TV-14,42 min,"Comedy, Drama, Romance",8.6,nil,809
 Lupin,2021– ,TV-MA,44 min,"Action, Crime, Drama",7.3,nil,807
Alludu Adhurs,2021,not rated,149 min,"Action, Comedy",3.3,nil,804
Punky Brewster,2021– ,TV-PG,nil,Comedy,6.9,nil,803
Zero Nine,2021,not rated,93 min,"Action, Crime, Thriller",8.6,nil,802
 The Promised Neverland,2019–2021,TV-14,23 min,"Animation, Adventure, Drama",6.6,nil,801
Eoneu Nal Uri Jib Hyeongwaeuro Myeolmangyi Deuleowassda,2021– ,not rated,65 min,"Drama, Fantasy, Romance",8.8,nil,801
 The Promised Neverland,2019–2021,TV-14,23 min,"Animation, Adventure, Drama",6.2,nil,800
Sailor Moon Eternal,2021,TV-14,160 min,"Animation, Action, Adventure",7.2,nil,798
 Snowpiercer,2020– ,TV-MA,48 min,"Action, Drama, Sci-Fi",7.9,nil,797
 American Gods,2017–2021,TV-MA,51 min,"Drama, Fantasy, Mystery",6.3,nil,796
Topi,2021,not rated,60 min,"Drama, Thriller",6.8,nil,795
Kisah untuk Geri,2021,not rated,nil,"Drama, Romance",9.6,nil,794
Security,2021,TV-MA,118 min,Thriller,4.8,nil,793
 Superman and Lois,2021– ,TV-PG,nil,"Action, Adventure, Drama",9.4,nil,792
 Snowpiercer,2020– ,TV-MA,47 min,"Action, Drama, Sci-Fi",7.2,nil,792
Chernobyl: Abyss,2021,not rated,136 min,"Comedy, Drama, History",4.4,nil,792
 This Is Us,2016–2022,TV-14,43 min,"Comedy, Drama, Romance",8.2,nil,791
 The Stand,2020–2021,TV-PG,49 min,"Adventure, Drama, Fantasy",6.4,nil,787
Ishk Par Zor Nahin,2021– ,not rated,nil,Drama,9.0,nil,787
 Superman and Lois,2021– ,TV-PG,nil,"Action, Adventure, Drama",8.8,nil,787
 The Flash,2014– ,TV-PG,42 min,"Action, Adventure, Drama",6.0,nil,783
 Sweet Tooth,2021– ,TV-14,nil,"Action, Adventure, Drama",7.9,nil,783
Kamali from Nadukkaveri,2021,not rated,147 min,Drama,7.7,nil,781
Stanley Tucci: Searching for Italy,2021– ,Not Rated,60 min,"Documentary, Reality-TV",8.7,nil,781
 Tandav,2021– ,TV-14,29 min,"Drama, Thriller",4.7,nil,780
Firebird,2021,not rated,107 min,"Drama, Romance",7.9,nil,778
 Castlevania,2017–2021,TV-MA,28 min,"Animation, Action, Adventure",8.3,nil,778
 The Blacklist,2013– ,TV-14,43 min,"Crime, Drama, Mystery",6.4,nil,778
Contract,2021– ,not rated,nil,Crime,7.4,nil,778
Canine Intervention,2021– ,TV-14,nil,"Documentary, Reality-TV",6.5,nil,777
 Castlevania,2017–2021,TV-MA,25 min,"Animation, Action, Adventure",8.4,nil,775
 Castlevania,2017–2021,TV-MA,26 min,"Animation, Action, Adventure",8.3,nil,775
Gwimul,2021– ,not rated,70 min,"Drama, Mystery, Thriller",8.2,nil,774
 The Rookie,2018– ,TV-14,nil,"Comedy, Crime, Drama",7.7,nil,769
Hige o Soru. Soshite Joshikousei o Hirou.,2021– ,not rated,23 min,"Animation, Comedy, Drama",7.9,nil,769
Power Play,2021,not rated,135 min,Thriller,7.3,nil,766
 American Gods,2017–2021,TV-MA,56 min,"Drama, Fantasy, Mystery",7.5,nil,766
 Line of Duty,2012– ,TV-14,58 min,"Crime, Drama, Mystery",8.3,nil,763
Zoya,2021,not rated,105 min,"Drama, War",3.8,nil,762
 The Blacklist,2013– ,TV-14,42 min,"Crime, Drama, Mystery",7.2,nil,761
 Batwoman,2019– ,TV-14,42 min,"Action, Adventure, Crime",5.6,nil,761
 Line of Duty,2012– ,TV-14,58 min,"Crime, Drama, Mystery",8.2,nil,759
 Night Stalker: The Hunt for a Serial Killer,2021,TV-MA,48 min,"Documentary, Crime, Mystery",7.6,nil,758
 The Stand,2020–2021,TV-MA,57 min,"Adventure, Drama, Fantasy",6.6,nil,757
As Luck Would Have It,2021 TV Movie,TV-G,86 min,"Drama, Romance",7.0,nil,755
 The Blacklist,2013– ,TV-14,42 min,"Crime, Drama, Mystery",8.7,nil,753
Creation Stories,2021,not rated,105 min,"Biography, Drama, Music",6.2,62        ,751
 Servant,2019– ,TV-MA,26 min,"Drama, Horror, Mystery",7.3,nil,751
 Debris,2021,TV-14,43 min,"Drama, Mystery, Sci-Fi",7.4,nil,747
Devarakondalo Vijay Premakatha,2021,not rated,nil,Drama,8.4,nil,746
 Lupin,2021– ,TV-MA,41 min,"Action, Crime, Drama",7.4,nil,744
 Riverdale,2017– ,TV-14,41 min,"Crime, Drama, Mystery",6.9,nil,743
 Sweet Tooth,2021– ,TV-14,nil,"Action, Adventure, Drama",8.5,nil,742
Dvorets dlya Putina. Istoriya samoy bolshoy vzyatki,2021,not rated,113 min,Documentary,8.9,nil,741
 The Blacklist,2013– ,TV-14,43 min,"Crime, Drama, Mystery",6.8,nil,739
Time to Dance,2021,not rated,113 min,"Musical, Romance",1.8,nil,737
Secret of the Ninth,2021,not rated,57 min,Documentary,9.2,nil,736
Kabadadaari,2021,Not Rated,146 min,"Crime, Drama, Thriller",6.5,nil,736
To Olivia,2021,not rated,99 min,Drama,6.5,nil,734
Animals on the Loose: A You vs. Wild Movie,2021 TV Movie,TV-PG,90 min,"Adventure, Reality-TV",5.9,nil,734
Kid Cosmic,2021– ,TV-Y7,25 min,"Animation, Action, Adventure",8.1,nil,731
 Inside No. 9,2014– ,TV-MA,nil,"Comedy, Drama, Horror",6.7,nil,731
 Sweet Tooth,2021– ,TV-14,nil,"Action, Adventure, Drama",8.0,nil,730
 The Stand,2020–2021,TV-MA,49 min,"Adventure, Drama, Fantasy",5.2,nil,729
 Line of Duty,2012– ,TV-14,57 min,"Crime, Drama, Mystery",8.4,nil,728
Janowar,2021,not rated,77 min,"Crime, Drama, Thriller",8.2,nil,728
When NEET aspirant met an IIT aspirant,2021,not rated,46 min,"Comedy, Romance",9.8,nil,727
 Boruto: Naruto Next Generations,2017– ,TV-14,24 min,"Animation, Action, Adventure",9.3,nil,727
That Damn Michael Che,2021– ,TV-MA,30 min,Comedy,7.5,nil,726
 Snowpiercer,2020– ,TV-MA,48 min,"Action, Drama, Sci-Fi",7.3,nil,726
Batya,2021,not rated,76 min,"Comedy, Drama",6.7,nil,722
Pørni,2021– ,not rated,nil,"Comedy, Drama",8.4,nil,722
Donny's Bar Mitzvah,2021,not rated,79 min,"Comedy, Drama",7.3,nil,721
Override,2021,TV-14,95 min,"Crime, Sci-Fi, Thriller",4.7,nil,720
 Black Clover,2017–2021,TV-PG,24 min,"Animation, Action, Adventure",9.4,nil,718
Ee Kathalo Paathralu Kalpitam,2021,not rated,119 min,"Drama, Thriller",7.1,nil,718
Newton's Cradle,2021– ,not rated,nil,"Drama, Thriller",8.4,nil,718
 This Is Us,2016–2022,TV-14,43 min,"Comedy, Drama, Romance",8.3,nil,716
 Them,2021– ,TV-14,49 min,"Drama, Horror, Thriller",7.9,nil,714
 Riverdale,2017– ,TV-14,42 min,"Crime, Drama, Mystery",5.8,nil,713
Arlo the Alligator Boy,2021 TV Movie,TV-Y7,90 min,"Animation, Adventure, Comedy",6.7,nil,713
Me You Madness,2021,R,98 min,Comedy,3.7,7        ,712
 The Serpent,2021,TV-MA,58 min,"Crime, Drama, Thriller",7.5,nil,712
 Grey's Anatomy,2005– ,TV-14,nil,"Drama, Romance",6.1,nil,711
 A Discovery of Witches,2018– ,TV-MA,nil,"Drama, Fantasy, Romance",8.0,nil,710
 The Blacklist,2013– ,TV-14,42 min,"Crime, Drama, Mystery",8.5,nil,709
Dead Places,2021– ,not rated,45 min,"Adventure, Horror, Thriller",6.8,nil,709
 Master of None,2015– ,TV-MA,52 min,"Comedy, Drama",6.8,nil,707
Hemingway,2021– ,TV-14,120 min,"Documentary, Biography",8.1,nil,707
 The Equalizer,2021– ,TV-14,44 min,"Action, Crime, Drama",6.2,nil,705
 For All Mankind,2019– ,TV-MA,56 min,"Drama, Sci-Fi",8.1,nil,705
 Master of None,2015– ,TV-MA,25 min,"Comedy, Drama",5.7,nil,704
Shook,2021,Not Rated,88 min,Horror,4.2,53        ,703
RuPaul's Drag Race Down Under,2021– ,TV-MA,54 min,"Game-Show, Reality-TV",5.6,nil,701
 Prodigal Son,2019–2021,TV-14,43 min,"Crime, Drama, Mystery",7.2,nil,701
 This Is Us,2016–2022,TV-14,43 min,"Comedy, Drama, Romance",8.5,nil,700
 The Serpent,2021,TV-MA,58 min,"Crime, Drama, Thriller",8.1,nil,700
 Beck,1997– ,Not Rated,nil,"Crime, Mystery, Thriller",5.5,nil,699
 Shameless,2011–2021,TV-MA,nil,"Comedy, Drama",8.9,nil,699
Trust,II 2021,not rated,94 min,"Drama, Romance",5.5,nil,698
 Boruto: Naruto Next Generations,2017– ,TV-14,24 min,"Animation, Action, Adventure",9.4,nil,698
 Night Stalker: The Hunt for a Serial Killer,2021,TV-MA,46 min,"Documentary, Crime, Mystery",7.7,nil,697
Viewpoint,2021– ,not rated,60 min,"Drama, Thriller",5.9,nil,697
 Lupin,2021– ,TV-MA,47 min,"Action, Crime, Drama",7.9,nil,696
 Snowpiercer,2020– ,TV-MA,47 min,"Action, Drama, Sci-Fi",7.3,nil,696
